ID,Name,Latitude,Longitude,Elevation
BM-1,Bondi Beach,-33.89108,151.27612,11
BM-1-1,Bondi Beach,-33.89147,151.27668,7
BM-10,Gap Bluff,-33.84204,151.28493,39
BM-11,Gap Bluff Road,-33.84132,151.282464,30
BM-12,Camp Cove,-33.83906,151.27965,6
BM-12-1,Camp Cove Beach,-33.83907,151.27951,5
BM-13,South Head,-33.83351,151.28093,23
BM-13-1,Lady Bay Beach,-33.83553,151.27943,4
BM-13-2,Lightkeeper's Cottages,-33.83352,151.28009,20
BM-13-3,Hornby Lighthouse,-33.8335,151.28092,22
BM-14,Camp Cove (Return),-33.83912,151.27959,6
BM-15,Green Point Reserve,-33.84082,151.27678,6
BM-15-1,First Landing Obelisk,-33.84068,151.27669,5
BM-16,Watson's Bay,-33.8433,151.28188,6
BM-17,Gibson's Beach,-33.84657,151.28104,5
BM-17-1,Gibson's Beach,-33.84655,151.28099,4
BM-18,Parsley Bay,-33.85068,151.27742,11
BM-18-1,Vaucluse House,-33.85581,151.27366,18
BM-19,Steele Point,-33.85102,151.26581,7
BM-2,North Bondi,-33.89051,151.28216,7
BM-20,Milk Beach,-33.85654,151.26729,4
BM-20-1,Milk Beach,-33.85653,151.2673,4
BM-20-2,Little Bay,-33.85734,151.2681,4
BM-20-3,Hermit Beach,-33.85875,151.26913,4
BM-21,Queens Beach,-33.86135,151.26897,6
BM-21-1,Queens Beach,-33.86135,151.26887,4
BM-22,Hermitage Reserve,-33.86346,151.26947,13
BM-23,Rose Bay,-33.86851,151.26921,5
BM-23-1,Rose Bay Beach,-33.86851,151.26899,4
BM-24,Lyne Park,-33.87078,151.26245,5
BM-25,Rose Bay Park,-33.86993,151.25341,6
BM-25-1,Bellamy Beach,-33.86949,151.25346,4
BM-26,Point Piper,-33.86455,151.25101,26
BM-27,Seven Schillings Beach,-33.87152,151.24824,4
BM-27-1,Seven Schillings Beach,-33.87182,151.24781,5
BM-28,Double Bay,-33.87392,151.24312,5
BM-28-1,Double Bay Beach,-33.87391,151.24364,4
BM-29,Darling Point,-33.86668,151.2396,6
BM-3,Bamford Reserve,-33.8834,151.28337,68
BM-30,Rushcutters Bay,-33.87429,151.23062,5
BM-31,Kings Cross,-33.8692,151.22557,33
BM-32,Wooloomooloo,-33.8692,151.22041,6
BM-32-1,Finger Wharf,-33.86905,151.22003,6
BM-32-2,Art Gallery of New South Wales,-33.8688,151.21741,26
BM-33,Mrs Macquarie's Point,-33.85966,151.2226,10
BM-34,Farm Cove,-33.86334,151.21849,4
BM-34-1,Royal Botanic Gardens,-33.86411,151.21751,5
BM-35,Bennelong Point,-33.85614,151.21523,6
BM-35-1,Sydney Opera House,-33.85678,151.21529,18
BM-36,Circular Quay,-33.86103,151.20966,6
BM-36-1,Museum of Contemporary Art,-33.85993,151.20902,7
BM-37,The Rocks,-33.85449,151.20998,4
BM-38,Harbour Bridge (South),-33.85868,151.20682,27
BM-39,Harbour Bridge (North),-33.84626,151.21274,36
BM-4,Rodney Reserve,-33.87313,151.28408,83
BM-4-1,Radio Astronomy Site,-33.87345,151.28425,83
BM-40,Milsons Point,-33.84989,151.21159,8
BM-41,Kirribilli,-33.85094,151.2198,4
BM-42,Milson Park,-33.84453,151.21529,5
BM-43,Kesterton Park,-33.845,151.2186,5
BM-44,Anderson Park,-33.84034,151.21604,6
BM-45,Neutral Bay,-33.84099,151.21896,16
BM-45-1,Hayes Street Beach,-33.84158,151.21937,5
BM-46,Shellcove Beach,-33.8389,151.22496,24
BM-46-1,Nutcote,-33.84183,151.22168,24
BM-47,Cremorne Point,-33.84865,151.23295,5
BM-47-1,Robertson's Point Lighthouse,-33.84872,151.23301,4
BM-48,Mossman Bay,-33.83838,151.23281,5
BM-49,South Mossman,-33.84333,151.23379,34
BM-5,Cliff-Top Walk,-33.86666,151.28339,35
BM-50,Sirius Cove,-33.83934,151.23704,6
BM-50-1,Sirius Cove Beach,-33.83953,151.23668,5
BM-51,Taronga Zoo,-33.84576,151.2399,8
BM-51-1,Taronga Zoo,-33.84328,151.24138,63
BM-52,Bradleys Head,-33.85303,151.24633,16
BM-52-1,Rifle Wall,-33.85212,151.24577,35
BM-53,Taylors Bay,-33.84237,151.24594,26
BM-54,Chowder Head,-33.84355,151.25241,29
BM-55,Chowder Bay,-33.83834,151.25611,21
BM-55-1,Georges Head Lookout,-33.83655,151.25887,74
BM-56,HMAS Penguin,-33.83126,151.25835,72
BM-57,Middle Head – Gubbuh Gubbuh,-33.82737,151.26825,35
BM-58,HMAS Penguin (Return),-33.83124,151.25828,72
BM-59,Balmoral,-33.82791,151.25286,6
BM-59-1,Balmoral Beach,-33.82576,151.25158,5
BM-59-2,Edwards Beach,-33.82304,151.25277,8
BM-6,Diamond Bay,-33.86172,151.28178,46
BM-60,Wyargine Point,-33.8164,151.25141,37
BM-61,Parriwi,-33.81305,151.24591,50
BM-62,The Spit,-33.80401,151.24614,4
BM-62-1,Spit Bridge,-33.80255,151.24619,1
BM-63,Shell Cove Bay,-33.8,151.25105,17
BM-64,Sandy Bay,-33.80455,151.25296,3
BM-65,Castle Rock,-33.80455,151.25296,3
BM-66,Grotto Point,-33.81345,151.26176,52
BM-66-1,Rock Art,-33.81342,151.26294,64
BM-67,Dobroyd Head,-33.81053,151.27341,42
BM-68,Wellings Reserve,-33.80055,151.26568,18
BM-69,Fairlight,-33.79721,151.26837,19
BM-7,Lighthouse Reserve,-33.85383,151.28609,82
BM-7-1,Macquarie Lighthouse,-33.8539,151.28519,85
BM-7-2,South Head Signal Station,-33.85036,151.2868,72
BM-70,Manly,-33.79948,151.28433,5
BM-71,Little Manly Point,-33.80918,151.28706,6
BM-72,Spring Cove,-33.80839,151.29159,18
BM-73,Scenic Drive,-33.80703,151.29635,71
BM-74,The Barracks,-33.8113,151.2976,90
BM-75,Third Quarantine Cemetary,-33.81725,151.2947,90
BM-76,North Head,-33.82107,151.29957,76
BM-77,North Head West,-33.82296,151.29863,40
BM-77-1,Burragula Lookout,-33.8232,151.29852,31
BM-78,North Head East,-33.8219,151.30064,25
BM-78-1,Yiningma Lookout,-33.82184,151.30076,20
BM-79,North Head (Return),-33.82107,151.29957,76
BM-8,Gap Park,-33.84674,151.28623,37
BM-80,Hanging Swamp,-33.81444,151.30148,81
BM-80-1,No 1 Gun Emplacement South,-33.81782,151.29847,89
BM-80-2,No 2 Gun Emplacement North,-33.81657,151.29899,92
BM-81,The Barracks (Return),-33.81131,151.29761,90
BM-82,Old Quarry Swamp,-33.805,151.30069,76
BM-82-1,Wall Gate,-33.80278,151.30108,31
BM-83,Shelly Head,-33.79933,151.29755,6
BM-84,Shelly Beach,-33.80094,151.29841,9
BM-85,Manly Beach,-33.79695,151.28833,4
BM-9,The Gap,-33.84303,151.28424,26
BM-A1,Cremorne,-33.82813,151.2302,86
BM-A2,Mosman,-33.82411,151.24153,96
F-F1,Saint-Jean-Pied-de-Port,43.1634,-1.23579,183
F-F10,Puerto de Mezkiritz,42.9799,-1.38658,924
F-F100,Terradillos de los Templarios,42.36248,-4.89144,882
F-F101,Moratinos,42.36067,-4.92632,860
F-F102,San Nicolas de Real Camino,42.36371,-4.95178,845
F-F103,Calzada de los Molinos,42.32756,-4.65238,828
F-F104,Cervatos de la Cueza,42.29055,-4.76945,849
F-F105,Villada,42.25111,-4.96723,798
F-F106,Sahagún,42.37075,-5.02954,828
F-F106-1,Santuario de la Virgen Peregrina,42.36796,-5.03256,826
F-F106-2,Midpoint of the Camino Frances,42.37046,-5.00035,812
F-F107,Calzada del Coto,42.38745,-5.07885,821
F-F107-1,Alternative Route,42.38282,-5.07648,821
F-F108,Bercianos de Real Camino,42.38783,-5.14334,853
F-F109,El Burgo Ranero,42.42129,-5.217771,879
F-F11,Bizkarreta (Gerendiain),42.96846,-1.417,787
F-F110,Desvio a Villamarco,42.44968,-5.30768,853
F-F111,Reliegos,42.47518,-5.35463,822
F-F112,Mansilla de Las Mulas,42.49772,-5.41499,800
F-F113,Villamoros de Mansilla,42.53533,-5.4448,798
F-F114,Puente Villarente,42.544326,-5.45646,803
F-F115,Arcahueja,42.56715,-5.49599,853
F-F116,Valdelafuente,42.56947,-5.51426,865
F-F117,Calzadilla de los Hermanillos,42.43321,-5.155,888
F-F118,León,42.59897,-5.56715,833
F-F118-1,Catedral de León,42.6,-5.56712,835
F-F119,Trobajo del Camino,42.59622,-5.608,840
F-F12,Linzoáin (Lintzoain),42.96233,-1.43779,745
F-F120,La Virgen del Camino,42.58014,-5.64082,908
F-F120-1,Alternative Routes,42.57779,-5.64485,892
F-F121,Valverde de la Virgen,42.5707,-5.67755,902
F-F122,San Miguel del Camino,42.56179,-5.69726,899
F-F123,Villadangos del Páramo,42.51885,-5.76524,896
F-F124,San Martin del Camino,42.49521,-5.80832,868
F-F125,Fresno del Camino,42.5656,-5.65373,876
F-F126,Oncina de la Valdoncina,42.55227,-5.6611,870
F-F127,Chozas de Abajo,42.50842,-5.68849,883
F-F128,Villar de Mazarife,42.48304,-5.72833,872
F-F129,Villavante,42.46209,-5.83499,836
F-F13,Pass of Erro,42.94657,-1.47826,700
F-F130,Hospital de Órbigo y Puente Órbigo,42.45905,-5.881,817
F-F130-1,Alternative Routes,42.45798,-5.88681,819
F-F131,Villares de Órbigo,42.47007,-5.91001,827
F-F132,Santibáñez de Valdeiglesias,42.45884,-5.93017,849
F-F133,San Justo de la Vega,42.45418,-6.0148,853
F-F134,Astorga,42.45642,-6.0536,867
F-F135,Valdeviejas,42.45925,-6.08093,861
F-F136,Murias de Rechivaldo,42.45965,-6.10489,883
F-F137,Castrillo de los Polvazares,42.46512,-6.12838,908
F-F138,Santa Catalina de Somoza,42.45522,-6.15862,975
F-F139,El Ganso,42.46258,-6.20836,1017
F-F14,Zubiri,42.93468,-1.50356,535
F-F140,Rabanal del Camino,42.48239,-6.28506,1158
F-F141,Foncebadón,42.49145,-6.34283,1426
F-F142,Cruz de Ferro,42.48882,-6.36145,1507
F-F143,Manjarín,42.49029,-6.38673,1433
F-F143-1,Tomás,42.4904,-6.38674,1433
F-F144,El Acebo,42.49891,-6.45701,1129
F-F145,Riego de Ambrós,42.52106,-6.47875,936
F-F146,Molinaseca,42.53765,-6.51921,588
F-F147,Campo de Ponferrada,42.53855,-6.56402,534
F-F148,Ponferrada,42.54301,-6.5939,522
F-F148-1,Castillo de los Templarios,42.543539,-6.59379,521
F-F148-2,Oficina de Turismo de Ponferrada,42.54414,-6.5927,531
F-F148-3,Starting Point of the Winter Route,42.54288,-6.58923,532
F-F149,Columbrianos,42.57349,-6.61125,524
F-F15,Ilarratz,42.91102,-1.51711,550
F-F150,Fuentes Nuevas,42.57686,-6.63859,509
F-F151,Camponaraya,42.57603,-6.66081,496
F-F151-1,Alternative Route,42.58063,-6.67112,494
F-F152,Cacabelos,42.59996,-6.72782,479
F-F153,Pieros,42.60572,-6.75,544
F-F153-1,Alternative Route,42.6062,-6.75513,567
F-F154,Valtuille de Arriba,42.61579,-6.76485,556
F-F155,Villafranca del Bierzo,42.60797,-6.80864,512
F-F155-1,Alternative Route,42.60934,-6.81194,505
F-F156,Pereje,42.62609,-6.84388,552
F-F157,Pradela,42.66107,-6.86452,934
F-F158,Trabadelo,42.64925,-6.88051,574
F-F159,La Portela de Valcarce,42.65995,-6.92045,601
F-F16,Eskirotz,42.90788,-1.52487,528
F-F160,Ambasmestas,42.66579,-6.928539,614
F-F161,Vega de Valcarce,42.66501,-6.94577,638
F-F162,Ruitelán,42.672957,-6.96708,662
F-F163,Las Herrerías,42.67079,-6.98107,674
F-F163-1,Steep Ascent,42.68014,-7.00376,796
F-F164,La Faba,42.68467,-7.00891,904
F-F164-1,Steep Ascent,42.68919,-7.01299,974
F-F165,La Laguna de Castilla,42.7014,-7.02214,1158
F-F166,O Cebreiro,42.70777,-7.0446,1283
F-F167,Liñares,42.69904,-7.07408,1218
F-F168,Hospital da Condesa,42.70488,-7.0999,1238
F-F169,Padornelo,42.71172,-7.12268,1288
F-F169-1,Steep Ascent,42.71231,-7.12424,1306
F-F17,Larrasoaña (Larrasoaina),42.90165,-1.54123,496
F-F170,Alto do Poio,42.712369,-7.12601,1340
F-F171,Fonfría,42.73083,-7.15645,1290
F-F172,O Biduedo,42.74386,-7.17815,1187
F-F173,Filobal,42.74403,-7.20472,964
F-F174,Pasantes,42.7504,-7.22048,799
F-F175,Triacastela,42.75593,-7.2398,668
F-F175-1,Alternative Routes,42.75509,-7.24354,657
F-F176,San Christovo do Real,42.74042,-7.27282,602
F-F177,Renche,42.73966,-7.29078,600
F-F178,Lastres,42.74046,-7.2953,590
F-F179,Freituxe,42.74218,-7.30741,582
F-F18,Aquerreta (Akerreta),42.89647,-1.54365,533
F-F180,San Martiño do Real,42.73626,-7.31649,583
F-F181,Samos,42.73057,-7.32662,539
F-F181-1,Mosteiro de San Xulián e San Xulián e Santa Basilisa de Samos,42.73265,-7.32575,538
F-F182,Teiguín,42.72453,-7.3418,518
F-F183,Pascais,42.73368,-7.34682,523
F-F184,Gorolfe,42.74012,-7.35535,501
F-F185,Veiga de Reiriz,42.75182,-7.35652,499
F-F186,Perros,42.77063,-7.35679,473
F-F187,A Balsa,42.76614,-7.25382,722
F-F188,San Xil,42.766524,-7.2721,862
F-F189,Montán,42.7667,-7.29748,750
F-F19,Zuriáin (Zuriain),42.87865,-1.56617,481
F-F190,Fontearcuda,42.76869,-7.30945,733
F-F191,Furela,42.77274,-7.3212,665
F-F192,Pintin,42.7738,-7.33924,631
F-F193,Calvor,42.77386,-7.35523,525
F-F194,Aguiada,42.77363,-7.36182,498
F-F195,San Mamede do Camiño,42.77396,-7.37668,488
F-F196,Sarria,42.77641,-7.41295,431
F-F197,Barbadelo,42.76592,-7.4503,548
F-F198,Rente,42.76819,-7.45932,596
F-F199,Marzán,42.7725,-7.47984,597
F-F2,Huntto,43.12428,-1.24495,492
F-F20,Iroz (Irotz),42.86179,-1.5708,476
F-F200,Leimán,42.78043,-7.48326,629
F-F201,Peruscallo,42.78051,-7.49341,635
F-F202,Morgade,42.78231,-7.52119,656
F-F203,Ferreiros,42.78379,-7.52964,657
F-F204,A Pena,42.78546,-7.5428,643
F-F205,Mercadoiro,42.78976,-7.57095,536
F-F206,Moutrás,42.7908,-7.57222,539
F-F207,A Parrocha,42.79395,-7.58788,487
F-F208,Vilachá,42.79547,-7.60358,423
F-F208-1,Alternative Routes,42.79658,-7.60882,421
F-F209,Portomarín,42.80755,-7.61565,387
F-F209-1,Alternative Routes,42.80531,-7.61999,347
F-F21,Zabaldica (Zabaldika),42.85597,-1.58192,505
F-F21-1,Iglesia de San Esteban,42.85607,-1.5817,503
F-F210,San Roque,42.79978,-7.6265,390
F-F211,Gonzar,42.82653,-7.69628,552
F-F211-1,Alternative Routes,42.82407,-7.68978,532
F-F212,Castromaior,42.83172,-7.70903,599
F-F212-1,Castro de Castromaior,42.83363,-7.71974,689
F-F213,Hospital da Cruz,42.84077,-7.73404,679
F-F214,Ventas de Narón,42.84429,-7.74826,702
F-F215,Ligonde,42.85892,-7.77983,629
F-F216,Eirexe,42.86469,-7.78668,628
F-F217,Portos,42.87363,-7.807,583
F-F217-1,Iglesia de San Salvador de Vilar de Donas,42.89256,-7.80974,598
F-F218,Lestedo,42.87217,-7.81414,599
F-F218-1,Temple of Santiago,42.87334,-7.81663,609
F-F219,Os Valos,42.87308,-7.8223,633
F-F22,Arleta,42.84776,-1.5871,465
F-F220,Abenostre,42.875,-7.82925,615
F-F221,O Rosario,42.87493,-7.85101,624
F-F221-1,Pilgrim Service Centre,42.87376,-7.85722,610
F-F222,Palas de Rei,42.87423,-7.86865,560
F-F222-1,Igrexa de San Tirso de Palas de Rei,42.87245,-7.86796,564
F-F223,San Xulián do Camiño,42.8745,-7.90356,465
F-F224,Pontecampaña,42.87837,-7.91439,421
F-F225,Casanova,42.87874,-7.92801,478
F-F226,O Coto,42.88474,-7.9584,476
F-F227,Leboreiro,42.88713,-7.96488,451
F-F228,Furelos,42.90906,-7.99918,419
F-F229,Melide,42.91386,-8.01474,454
F-F229-1,Meeting of the Camino Frances and the Camino Primitivo,42.91424,-8.01613,452
F-F23,Trinidad de Arre,42.83408,-1.60576,433
F-F230,Santa María de Melide,42.91142,-8.02537,422
F-F230-1,Alternative Routes,42.91283,-8.03758,427
F-F231,Parabispo,42.91557,-8.05665,457
F-F232,Boente,42.91606,-8.07822,393
F-F232-1,Area de descanso de Peregrinos,42.919093,-8.08778,355
F-F233,Castañeda,42.92481,-8.09732,417
F-F233-1,Alternative Routes,42.9205,-8.0924,396
F-F234,Ribadiso,42.93067,-8.13067,305
F-F235,Arzúa,42.92732,-8.16037,387
F-F235-1,Merging of the Camino del Norte and the Camino Frances,42.9268,-8.16383,383
F-F236,Preguntoño,42.92262,-8.18571,341
F-F237,A Peroxa,42.92668,-8.19499,385
F-F238,Taberna Bella (As Quintas),42.92848,-8.21469,399
F-F239,Calzada,42.92553,-8.22406,388
F-F24,Vilava,42.82814,-1.61288,430
F-F240,A Calle,42.91794,-8.24437,340
F-F241,Salceda,42.92637,-8.28026,362
F-F242,A Brea,42.918836,-8.30528,375
F-F243,Santa Irene,42.91679,-8.33138,377
F-F244,A Rúa,42.91452,-8.35042,281
F-F245,O Pedrouzo (O Pino),42.90726,-8.36406,291
F-F246,Amenal,42.90593,-8.39383,248
F-F247,San Paio,42.90883,-8.42626,337
F-F248,Lavacolla,42.90074,-8.44485,297
F-F249,Vilamaior,42.89142,-8.45085,351
F-F25,Burlada,42.82503,-1.61722,426
F-F250,San Marcos,42.89066,-8.49162,366
F-F251,Monte do Gozo,42.88802,-8.50179,315
F-F251-1,Monument to the Pilgrim,42.88455,-8.49564,349
F-F26,Pamplona,42.81831,-1.645096,445
F-F26-1,Oratorio San Felipe Neri,42.81755,-1.64474,449
F-F27,Cizur Menor,42.78786,-1.67617,466
F-F27-1,Iglesia Sanjuanista,42.78873,-1.67437,463
F-F28,Zariquiegui,42.74826,-1.72271,622
F-F28-1,Alto del Perdón,42.73577,-1.74244,753
F-F29,Cizur Mayor,42.79298,-1.69506,468
F-F3,Orisson,43.10871,-1.23916,805
F-F30,Paternáin,42.78627,-1.74164,436
F-F31,Astrain,42.75644,-1.74087,527
F-F32,Uterga,42.7086,-1.7614,483
F-F33,Muruzábal and Eunate,42.68824,-1.77053,442
F-F34,Obanos,42.67947,-1.78481,416
F-F35,Puente la Reina,42.67373,-1.81045,355
F-F36,Mañeru,42.66896,-1.86208,453
F-F37,Cirauqui,42.67575,-1.89239,491
F-F38,Lorca,42.67224,-1.9458,467
F-F39,Vilatuerta,42.65936,-1.99216,426
F-F4,Arnéguy (por Valcarlos),43.10874,-1.28212,283
F-F40,Estella,42.66889,-2.02993,430
F-F41,Ayegui,42.65856,-2.03788,488
F-F42,Irache,42.64573,-2.05651,572
F-F42-1,The Wine Fountain,42.65087,-2.04362,513
F-F43,Ázqueta,42.63521,-2.08716,583
F-F43-1,Last Water Fountain until Los Arcos,42.61446,-2.1135,567
F-F44,Villamayor de Monjardin,42.62924,-2.10408,681
F-F45,Los Arcos,42.57035,-2.19221,463
F-F45-1,Iglesia de Santa María de Los Arcos,42.56898,-2.19272,450
F-F46,Zarapuz,42.645,-2.01188,433
F-F47,Luquin,42.61227,-2.098,606
F-F48,Sansol,42.55375,-2.26559,485
F-F49,Torres del Rio,42.55204,-2.27123,456
F-F5,Luzaide/Valcarlos,43.09297,-1.30174,372
F-F50,Viana,42.51496,-2.37194,464
F-F50-1,Iglesia de Santa María,42.5151,-2.37135,465
F-F51,Logroño,42.46898,-2.44319,378
F-F51-1,Leisure Area with Drinking Fountain,42.41478,-2.59448,575
F-F52,Navarrete,42.42884,-2.56153,505
F-F53,Sotés,42.39969,-2.60229,664
F-F54,Ventosa,42.4042,-2.62589,643
F-F55,Nájera,42.41755,-2.73342,489
F-F55-1,Monasterio de Santa María la Real,42.41665,-2.73554,500
F-F56,Azofra,42.42384,-2.8,551
F-F57,Cirueña,42.41258,-2.89638,743
F-F58,Santo Domingo de la Calzada,42.44086,-2.95368,640
F-F58-1,Catedral de Santo Domingo de la Calzada,42.44096,-2.95362,639
F-F59,Grañón,42.45034,-3.02754,726
F-F6,Ibañeta,43.02009,-1.32438,1059
F-F60,Redecilla del Camino,42.43832,-3.06477,739
F-F61,Castildelgado,42.4366,-3.08416,769
F-F62,Viloria de Rioja,42.42676,-3.10032,794
F-F63,Villamayor del Rio,42.42729,-3.13681,792
F-F64,Belorado,42.42054,-3.18995,770
F-F65,Toasantos,42.41391,-3.24284,820
F-F66,Villambistia,42.40446,-3.26211,863
F-F67,Espinosa del Camino,42.40551,-3.27956,894
F-F68,Villafranca - Montes de Orca,42.38879,-3.3092,957
F-F68-1,Steep ascent,42.38811,-3.30996,963
F-F69,San Juan de Ortega,42.3757,-3.4366,1006
F-F69-1,Alternative Route,42.37626,-3.44117,1003
F-F69-2,Monasterio de San Juan de Ortega,42.37628,-3.43662,1003
F-F7,Roncesvalles (Orreaga),43.0087,-1.31992,947
F-F7-1,Real Colegiata de Santa Maria de Roncesvalles,43.00999,-1.31948,965
F-F70,Agés,42.36983,-3.478808,966
F-F71,Atapuerca,42.3762,-3.50719,957
F-F72,Villalval,42.36912,-3.55281,948
F-F73,Cardeñuela Riopico,42.3594,-3.55971,940
F-F74,Orbaneja Riopico,42.36013,-3.58468,911
F-F75,Villafria,42.36557,-3.61647,886
F-F76,Gamonal,42.3542,-3.66634,871
F-F77,Santovenia de Oca,42.35695,-3.46137,983
F-F78,Zalduendo,42.34684,-3.48607,993
F-F79,Ibeas de Juarros,42.3317,-3.53633,930
F-F8,Burguete (Auritz),42.98935,-1.33585,891
F-F80,Castañares,42.34346,-3.62634,884
F-F81,Burgos,42.34041,-3.70384,863
F-F81-1,Catedral de Burgos,42.34079,-3.70376,864
F-F81-2,Museo de la Evolución Humana,42.33968,-3.6972,857
F-F82,Tardajos,42.34892,-3.81593,828
F-F83,Rabé de las Calzadas,42.34053,-3.83435,830
F-F83-1,Iglesia de "Santa Marina",42.34049,-3.83476,832
F-F84,Hornillos de Camino,42.33853,-3.92638,824
F-F85,Arroyo San Bol,42.32608,-3.99034,905
F-F86,Hontanas,42.31273,-4.04409,887
F-F87,Castrojeriz,42.28779,-4.13719,809
F-F87-1,Castillo de Castrojeriz,42.29201,-4.13641,885
F-F88,Itero del Castillo (y Puente Fitero),42.27817,-4.24586,765
F-F89,Itero de la Vega,42.28791,-4.25763,771
F-F9,Espinal (Aurizberri),42.97913,-1.36951,874
F-F90,Boadilla del Camino,42.25948,-4.34651,782
F-F91,Frómista,42.26607,-4.40603,779
F-F92,Población de Campos,42.26883,-4.44752,779
F-F92-1,Alternative Route,42.26913,-4.44925,777
F-F93,Revenga de Campos,42.28513,-4.48138,785
F-F94,Villarmentero de Campos,42.2977,-4.49926,789
F-F95,Villovieco,42.29366,-4.48151,785
F-F96,Villalcázar de Sirga,42.31651,-4.54311,806
F-F97,Carrión de los Condes,42.33712,-4.60093,833
F-F97-1,Alternative Route,42.34132,-4.6221,824
F-F98,Calzadilla de la Cueza,42.32924,-4.80436,856
F-F99,Lédigos,42.35367,-4.86529,876
F-F99-1,Alternative Route,42.35367,-4.86529,876
FI-F10,A Chancela,42.90897,-8.72922,171
FI-F11,Negreira,42.90957,-8.7347,158
FI-F12,A Pena,42.93104,-8.80939,351
FI-F13,Vilaserio,42.94291,-8.84989,351
FI-F14,Maroñas,42.96359,-8.91163,321
FI-F15,Santa Mariña,42.95695,-8.91911,330
FI-F16,Vilar do Castro,42.95666,-8.95715,416
FI-F16-1,Alternative Routes,42.95664,-8.95717,417
FI-F17,Lago - Abeleiroas,42.96275,-8.98381,327
FI-F18,San Cristovo de Corzón,42.96193,-9.0044,283
FI-F19,Mallón,42.96144,-9.01666,261
FI-F2,Sarela de Baixo,42.87872,-8.56837,229
FI-F20,Ponte Olveira,42.96252,-9.01851,261
FI-F21,Olveiroa,42.96669,-9.03956,275
FI-F22,A Picota,42.9387,-8.9926,314
FI-F23,Logoso,42.9737,-9.06745,307
FI-F24,Hospital,42.9845,-9.07664,342
FI-F24-1,Alternative Routes (Muxia),42.98626,-9.08587,375
FI-F24-2,Punto de Información ao Peregrino de Hospital (Dumbría),42.98289,-9.07786,346
FI-F25,Camiños Cháns,42.947907,-9.18031,32
FI-F26,Cee,42.95626,-9.19055,8
FI-F27,Corcubión,42.94451,-9.19326,11
FI-F28,O Vilar,42.93778,-9.20152,119
FI-F29,Estorde,42.94391,-9.2179,8
FI-F3,Quintáns,42.88035,-8.58761,155
FI-F30,Sardiñeiro,42.94302,-9.23268,7
FI-F31,Fisterra (Outgoing),42.90501,-9.26437,30
FI-F31-1,Monumento al Peregrino,42.89418,-9.26422,77
FI-F32,Faro de Fisterra,42.88264,-9.27187,87
FI-F32-1,Faro de Fisterra,42.88264,-9.27187,87
FI-F32-2,Bota de Fisterra,42.88193,-9.27212,76
FI-F33,Fisterra (Return),42.90593,-9.26266,20
FI-F33-1,Punto Información,42.90564,-9.26259,19
FI-F33-2,Castelo de San Carlos,42.90461,-9.26082,8
FI-F4,Alto do Vento,42.88098,-8.62415,179
FI-F5,Lombao,42.88642,-8.6325,106
FI-F6,Augapesada,42.88858,-8.65071,59
FI-F7,Trasmonte,42.89324,-8.68286,221
FI-F8,Ponte Maceira,42.90536,-8.69505,160
FI-F9,Barca,42.90565,-8.7156,153
FI-M1,As Carizas,42.9988,-9.10839,213
FI-M10,Os Muiños,43.08356,-9.18947,45
FI-M11,Moraime,43.08517,-9.19982,62
FI-M12,Muxia,43.10561,-9.21746,14
FI-M12-1,Oficina Municipal de Turismo de Muxía,43.10722,-9.21723,15
FI-M13,Morquintián,43.0469,-9.23171,168
FI-M14,Frixe,43.01191,-9.2335,66
FI-M15,Lires,42.99809,-9.24338,43
FI-M15-1,Coastal Route,42.99691,-9.24468,22
FI-M16,A Canosa,42.98688,-9.24798,57
FI-M17,Padris,42.97227,-9.25128,87
FI-M18,Buxán,42.95631,-9.26259,90
FI-M19,San Salvador,42.93346,-9.26924,33
FI-M2,Dumbria,43.00924,-9.11521,200
FI-M20,San Martiño de Duio,42.92022,-9.27127,67
FI-M3,Trasufre,43.02457,-9.14137,145
FI-M4,Senande,43.04199,-9.14857,143
FI-M5,A Grixa,43.04875,-9.153878,127
FI-M6,Quintans,43.08332,-9.15188,90
FI-M7,San Martiño de Ozón,43.08393,-9.16776,72
FI-M8,Vilar de Sobremonte,43.08515,-9.17173,110
FI-M9,Merexo,43.09883,-9.17762,27
I-I1,Ferrol,43.478476,-8.24376,5
I-I1-1,Via Compostellam,43.47863,-8.244054,6
I-I1-2,Museo da Constructión Naval,43.48263,-8.2311,10
I-I10,Ponte do Porco,43.33557,-8.20086,8
I-I11,Porto Abaixo,43.32388,-8.19811,42
I-I12,Betanzos,43.279666,-8.21027,21
I-I13,Xanrozo,43.25502,-8.22868,170
I-I13-1,No shoulder on road,43.24324,-8.22868,118
I-I14,Cos,43.23378,-8.24325,69
I-I14-1,Old route,43.2327,-8.2461,86
I-I15,Meangos,43.22451,-8.25193,114
I-I16,Presedo,43.20418,-8.26297,165
I-I16-1,Mesón-Museo Xente no Camiño,43.2011,-8.26632,169
I-I17,Leiro,43.19341,-8.27473,179
I-I18,Beche,43.183131,-8.30713,287
I-I18-1,Embalse de Beche,43.18235,-8.30711,288
I-I19,As Travesas,43.1697,-8.35077,445
I-I2,Polígono Gándara,43.49382,-8.18834,15
I-I20,Hospital de Bruma,43.15281,-8.36326,395
I-I21,O Castro,43.12643,-8.3793377752829,365
I-I22,A Rúa (Buscás),43.09553,-8.38199,303
I-I23,O Outeiro (Poulo),43.07373,-8.38113,325
I-I24,A Calle (Poulo),43.05906,-8.38075,298
I-I25,A Baxoia,43.01958,-8.41465,307
I-I25-1,Paved track,43.01712,-8.41274,297
I-I25-2,English Route Information Point,42.97132,-8.44043,228
I-I26,Sigüeiro,42.96894,-8.44159,233
I-I27,Formarís,42.920637,-8.4922,318
I-I28,Polígono do Tambre,42.902895,-8.52777,340
I-I29,A Coruña,43.36971,-8.39396,10
I-I29-1,Tower of Hercules,43.38593,-8.40651,19
I-I29-2,Praza de Maria Pita,43.37096,-8.39593,6
I-I29-3,Alternative Route,43.33213,-8.39119,47
I-I3,Xubia,43.51673,-8.15104,13
I-I30,O Portádego,43.32609,-8.38598,51
I-I31,O Burgo,43.31507,-8.36524,22
I-I32,Alvedro,43.30266,-8.37066,82
I-I33,Sigras,43.28627,-8.36524,74
I-I34,Drozo,43.26753,-8.36549,115
I-I35,Montecarlo (Sergude),43.24633,-8.34511,123
I-I36,Sarandóns,43.22118,-8.33478,70
I-I37,Bordelle,43.21162,-8.33534,138
I-I38,Abeleira,43.19086,-8.34599,381
I-I4,Neda,43.50401,-8.15414,9
I-I5,Fene,43.4741,-8.16234,36
I-I6,O Pereiro,43.44282,-8.1664,179
I-I7,Cabanas,43.42006,-8.17182,5
I-I8,Pontedeume,43.40631,-8.17048,22
I-I8-1,Fragas do Eume,43.42863,-8.11934,244
I-I9,Miño,43.34701,-8.20626,40
L1,Porto (coast),41.14051,-8.6165,14
L10,Mindelho (coastal),41.31076,-8.74003,7
L11,Ávore,41.33043,-8.73866,3
L2,Foz do Douro,41.1497,-8.67592,4
L3,Nevogilde,41.16786,-8.68781,12
L4,Matosinhos,41.18781,-8.69313,6
L5,Leça de Palmeira,41.19403,-8.70746,8
L6,Perafita,41.2196,-8.71404,8
L7,Lavra,41.24284,-8.72639,5
L8,Labruge (coastal),41.27471,-8.7275,8
L9,Vila Chá,41.29322,-8.73393,7
N-E91,E9 Detour,43.39513,-4.61945,20
N-E92,Andrín,43.4067,-4.7159,57
N-E93,Cué,43.41219,-4.73144,48
N-E94,Senda Costera,43.43062,-4.79201,22
N-ER1,Las Campas,43.5243,-6.98001,74
N-ER2,Vilavedelle,43.49139,-7.03628,44
N-ER3,Vegadeo,43.46421,-7.04998,8
N-ER3-1,Vegadeo Tourist Office,43.46436,-7.05,7
N-ER4,Santiago de Abres,43.44008,-7.09827,17
N-ER4-1,Birdge of Formacho,43.44102,-7.10001,14
N-ER5,Sante,43.44299,-7.12511,98
N-ER6,Trabada,43.44692,-7.19467,200
N-ER6-1,Museo Etnógrafico Xosé Rocha,43.44102,-7.10001,14
N-ER7,Santo Tomé de Lourenzá,43.43413,-7.28977,113
N-ER7-1,Pazo de Tovar,43.44178,-7.27252,120
N-ER8,O Castro,43.41655,-7.32741,332
N-ER8-1,Fonte de Lindín,43.41652,-7.33862,418
N-FR1,A Cabrita,42.9879,-8.17633,448
N-FR10,Santiso,42.92618,-8.40029,378
N-FR11,Ferradal,42.95665,-8.26273,387
N-FR12,Beis,42.95288,-8.26735,382
N-FR13,Fontalén,42.9325,-8.2923,390
N-FR2,Capela da Mota,42.98573,-8.20596,460
N-FR3,As Calles,42.98243,-8.23,410
N-FR3-1,Junction with route to O Pino,42.97929,-8.24056,419
N-FR4,O Couto Pequeno,42.97043,-8.27162,363
N-FR5,Cimadevila,42.9672,-8.27889,355
N-FR6,San Gregorio,42.9631,-8.29343,356
N-FR7,Amarelle,42.96185,-8.306,331
N-FR8,Santandré,42.95896,-8.31502,301
N-FR9,A Tarroeira,42.94387,-8.3455,289
N-FR9-1,Botanical Track of River Mera,42.94848,-8.33563,269
N-N1,Irun,43.34134,-1.79789,16
N-N1-1,Starting Point,43.34934,-1.78458,2
N-N1-2,Irun Tourist Office,43.3401,-1.79408,26
N-N1-3,The Passionists,43.34067,-1.79957,15
N-N10,Askizu,43.30318,-2.23018,114
N-N100,San Vicente de la Barquera,43.381498,-4.39708,5
N-N100-1,Puente de la Maza,43.38188,-4.39288,0
N-N100-2,Castillo del Rey,43.38529,-4.39976,19
N-N101,La Acebosa,43.36641,-4.40945,53
N-N102,Hortigal,43.35901,-4.4266,74
N-N103,Serdio,43.36265,-4.44973,114
N-N103-1,Junction with the Lebaniego Way,43.36155,-4.46073,97
N-N104,Muñorrodero,43.36585,-4.48152,22
N-N104-1,Junction with the Lebaniego Way,43.36408,-4.48312,15
N-N105,Pesués,43.37379,-4.48741,49
N-N106,Unquera y Bustio,43.37432,-4.51785,5
N-N107,Colombres,43.37489,-4.54057,119
N-N107-1,Quinta Guadalupe,43.37387,-4.5389,113
N-N107-2,Indiano Houses,43.37502,-4.542,120
N-N108,El Peral,43.38231,-4.55658,58
N-N109,La Franca,43.38547,-4.57184,49
N-N109-1,Cueva de El Pindal,43.398,-4.53303,40
N-N109-2,Playa de la Franca,43.39467,-4.57479,0
N-N11,Zumaia,43.29697,-2.25743,7
N-N11-1,Zuloaga Museum,43.29828,-2.2478,6
N-N11-2,Hermitage of St Telmo,43.29911,-2.26126,10
N-N110,Buelna,43.39229,-4.61625,53
N-N110-1,Junction with the GR E9,43.39222,-4.61319,50
N-N111,Pendueles,43.39672,-4.63753,50
N-N111-1,Junction with the GR E9,43.39672,-4.63755,50
N-N112,Vidiago,43.39548,-4.66486,62
N-N113,Puertas de Vidiago,43.3966,-4.68606,46
N-N114,San Roque del Acebal,43.39716,-4.73209,50
N-N115,Llanes,43.41956,-4.7543,8
N-N115-1,Los Cubos de la Memoria,43.42172,-4.74753,0
N-N116,Póo,43.42423,-4.78365,21
N-N116-1,Junction with the GR E9,43.42495,-4.78618,13
N-N117,Celorio,43.43112,-4.80823,7
N-N118,Barro,43.43425,-4.82881,15
N-N119,Niembro,43.435957,-4.84591,32
N-N12,Elorriaga,43.28617,-2.29198,203
N-N120,Naves,43.4405,-4.88989,36
N-N121,Villahormes,43.43853,-4.90256,48
N-N122,Nueva,43.43759,-4.93913,54
N-N123,Piñeres de Pría,43.4414,-4.95772,64
N-N124,Cuerres,43.44716,-4.98688,28
N-N124-1,Route to Blowholes and Cliffs,43.44773,-4.98572,28
N-N124-2,Fountain of Pilgrims,43.44468,-4.98922,53
N-N125,Ribadesella,43.461578,-5.06097,3
N-N125-1,Centro de Arte Rupestre de Tito Bustillo,43.45843,-5.06739,7
N-N126,San Esteban de Leces,43.46671,-5.11131,94
N-N127,La Vega,43.47718,-5.1302,24
N-N128,Berbes,43.47406,-5.15222,80
N-N129,Caravia,43.47406,-5.21239,4
N-N13,Itziar,43.27634,-2.33087,265
N-N13-1,Sanctuary of the Virgin of Itziar,43.27645,-2.33158,271
N-N130,La Isla,43.47789,-5.22663,10
N-N131,Colunga,43.4852,-5.27001,21
N-N132,Pernús,43.47894,-5.32442,48
N-N133,La Llera,43.48088,-5.34353,160
N-N134,Priesca,43.48515,-5.35853,143
N-N135,Sebrayo,43.49967,-5.3795,13
N-N136,Tornón,43.49694,-5.41345,31
N-N137,Carda,43.48982,-5.42148,29
N-N138,Villaviciosa,43.48155,-5.43255,10
N-N139,Amandi,43.47229,-5.4417,11
N-N14,Deba,43.29775,-2.35525,6
N-N140,Casquita,43.46624,-5.46142,29
N-N140-1,Camino del Norte and Camino Primitivo Split,43.46625,-5.46159,29
N-N140-2,Camino Primitivo High-level Variant,43.46625,-5.46159,29
N-N141,Niévares,43.47177,-5.4969,161
N-N142,Peón,43.48907,-5.5425,77
N-N143,Cabueñes,43.51418,-5.59868,60
N-N144,Gijón,43.54393,-5.66526,2
N-N144-1,Palacio de Revillagigedo,43.54547,-5.66358,12
N-N144-2,Elogio del horizonte,43.54929,-5.66307,15
N-N145,Veriña,43.54168,-5.72456,14
N-N146,Poago,43.53877,-5.72979,45
N-N147,Santa Eulaila,43.53569,-5.78618,83
N-N147-1,Túmulos de San Pablo,43.53415,-5.76344,187
N-N148,Tamón,43.53242,-5.83472,54
N-N149,Trasona,43.55053,-5.87204,20
N-N15,Barrio de Ibri,43.29383,-2.38641,261
N-N150,Avilés,43.552,-5.9181,11
N-N150-1,Avilés Tourist Office,43.55589,-5.92044,9
N-N151,Salinas,43.57506,-5.95434,11
N-N151-1,Museo de anclas Philippe Cousteau,43.58027,-5.96744,3
N-N152,San Martin de Laspera,43.57011,-5.96968,81
N-N153,Piedras Blancas,43.56002,-5.97728,28
N-N154,Santiago del Monte,43.54843,-6.02742,81
N-N155,El Castillo,43.54116,-6.07305,16
N-N156,Soto de Barco,43.53478,-6.07071,56
N-N157,Muros de Nalón,43.54238,-6.105401,130
N-N157-1,Plaza de Marqués de Muros,43.54237,-6.10539,130
N-N158,El Pito,43.55386,-6.14402,119
N-N158-1,Palacio la Quinta de Selgas,43.55237,-6.13907,124
N-N159,Cudillero,43.56291,-6.14529,33
N-N16,Olatz,43.28813,-2.4075,195
N-N16-1,Last bar before Markina,43.28809,-2.40766,196
N-N160,San Juan de Piñera,43.55273,-6.1636,159
N-N161,Rellayo,43.559909,-6.18112,141
N-N162,Artedo,43.55929,-6.18794,14
N-N163,Mumayor,43.55231,-6.20699,87
N-N164,Soto de Luiña,43.56187,-6.23081,19
N-N164-1,Monument in Honour of Pilgrims,43.56179,-6.23044,18
N-N164-2,Junction to Old Route,43.56414,-6.24275,122
N-N165,Las Palancas,43.56222,-6.24612,151
N-N166,Albuerne,43.56496,-6.2691,131
N-N167,Novellana,43.56313,-6.2835,128
N-N168,Castañeras,43.56086,-6.29605,121
N-N169,Santa Marina,43.5556,-6.3095,137
N-N17,Markina,43.26691,-2.49782,85
N-N17-1,Church of the Assumption of Mary,43.26737,-2.49302,88
N-N170,Ballota,43.55149,-6.32998,125
N-N170-1,The Trembling Bridge,43.55345,-6.34354,31
N-N171,Tablizo,43.54816,-6.35108,120
N-N172,Ribón,43.54846,-6.36346,110
N-N173,Cadavedo,43.54763,-6.38594,91
N-N174,Villademoros,43.54509,-6.40195,116
N-N175,San Cristóbal,43.54568,-6.4181,98
N-N176,Querúas,43.54688,-6.44127,105
N-N177,Canero,43.54333,-6.45277,74
N-N178,Barcia y La Almuña,43.54008,-6.50881,87
N-N179,Luarca,43.54431,-6.53418,10
N-N18,Iruzubieta,43.25261,-2.52721,131
N-N180,Santiago,43.53686,-6.55019,64
N-N181,Villuir,43.53268,-6.56579,104
N-N182,Otur,43.53704,-6.59244,115
N-N183,Villapedre,43.54526,-6.6503,72
N-N184,Piñera,43.5451,-6.66812,71
N-N185,Vilaoril,43.53912,-6.68491,83
N-N186,La Colorada,43.53662,-6.70694,87
N-N187,Navia,43.53934,-6.72477,5
N-N187-1,Navia Tourist Office,43.54177,-6.72271,3
N-N188,El Espín,43.54213,-6.72719,5
N-N189,Barqueiros,43.53807,-6.73534,71
N-N19,Bolibar,43.24967,-2.54995,185
N-N19-1,Museum of Simón Bolívar,43.2501,-2.54822,185
N-N190,Jarrio,43.53866,-6.748,81
N-N191,Cartavio,43.54437,-6.78707,103
N-N192,La Caridad (A Caridá),43.55107,-6.82868,63
N-N192-1,La Caridad Tourist Information Office,43.55233,-6.83139,56
N-N193,Valdepares,43.55844,-6.86124,41
N-N194,Porcia,43.55799,-6.88665,48
N-N194-1,Alternative route to Ribadeo via Tapia de Casariego,43.55804,-6.88909,52
N-N195,Brul,43.53648,-6.93573,62
N-N196,Tol,43.53117,-6.95539,71
N-N196-1,Eastern route to Mondoñedo,43.52855,-6.96296,75
N-N197,Barres,43.53756,-6.99693,40
N-N198,Figueras,43.54012,-7.01998,27
N-N199,Ribadeo,43.53663,-7.04035,43
N-N199-1,Puente de Los Santos,43.5431,-7.03188,0
N-N199-2,Torre dos Moreno,43.5366,-7.03947,43
N-N199-3,Oficina de Turismo de Ribadeo,43.53564,-7.0393,42
N-N2,Monte Jaizkibel,43.36683,-1.82142,194
N-N2-1,Mountain Route,43.36558,-1.8246,219
N-N20,Ziortza-Bolibar,43.24774,-2.56256,305
N-N20-1,Zenarruza Monastery,43.24826,-2.562113,298
N-N200,Vilela,43.50986,-7.09905,103
N-N201,Vilar,43.50241,-7.11574,117
N-N202,O Esfolado,43.50041,-7.1313,155
N-N202-1,Fonte do Peregrino,43.50038,-7.13223,162
N-N203,A Ponte,43.49672,-7.14342,105
N-N204,Villamartín Pequeño,43.49004,-7.20381,281
N-N205,Villamartín Grande,43.49352,-7.21557,339
N-N206,Gondán,43.48752,-7.23854,183
N-N207,San Xusto,43.48559,-7.25594,91
N-N208,Lourenzá,43.47064,-7.29879,59
N-N208-1,Lourenzá Municipal Tourist Office,43.47085,-7.29863,58
N-N208-2,Monasterio San Salvador de Lourenzá,43.47101,-7.29738,57
N-N209,Arroxo,43.45679,-7.31797,232
N-N21,Gerrikaitz,43.26219,-2.5922,214
N-N210,Grove,43.45084,-7.32976,187
N-N211,Mondoñedo,43.42906,-7.36099,117
N-N211-1,Mondoñedo Municipal Tourist Office,43.42854,-7.36364,139
N-N211-10,Interpretation Centre of the Northern Route,43.42794,-7.36634,157
N-N211-2,Ponte do Pasatempo,43.42493,-7.35727,123
N-N211-3,Barrio de Los Molinos,43.42545,-7.35809,119
N-N211-4,Fonte Vella,43.42757,-7.36278,132
N-N211-5,Junction of the Eastern and Western routes from Tol,43.42839,-7.36349,138
N-N211-6,Junction of the Southern and Northern routes to Gontán,43.42758,-7.36292,133
N-N211-7,Statue of the writer Álvaro Cunqueiro,43.42851,-7.36331,137
N-N211-8,Álvaro Cunqueiro's House,43.42808,-7.36341,136
N-N211-9,Cathedral Mondoñedo,43.42824,-7.3627,132
N-N212,Rego de Cas,43.42661,-7.38071,173
N-N212-1,Drinking Fountain,43.42518,-7.38316,177
N-N213,Cesuras,43.42328,-7.38846,193
N-N214,Maariz,43.41099,-7.36629,275
N-N214-1,Gontán Cross,43.36783,-7.46861,481
N-N215,Lousada,43.3835,-7.41486,404
N-N216,Gontán,43.36813,-7.46785,487
N-N217,Abadin,43.36354,-7.47535,510
N-N218,As Paredes,43.3454,-7.53304,480
N-N219,Martiñán,43.33336,-7.56198,428
N-N219-1,Pontevella Martiñán Corbelle,43.32835,-7.56722,426
N-N22,Munitibar,43.26596,-2.59252,186
N-N22-1,Hermitage of St James the Apostle,43.26832,-2.60515,271
N-N220,O Campo do Cristo,43.3169,-7.62346,492
N-N221,Vilalba,43.29873,-7.6823,470
N-N221-1,Vilalba Tourist Office,43.29802,-7.68153,478
N-N221-2,Keep,43.29807,-7.68237,475
N-N221-3,Statue of Acuña,43.2989,-7.68315,467
N-N222,A Torre,43.26022,-7.71168,497
N-N223,Puente de Saa,43.24528,-7.72419,450
N-N224,Baamonde,43.17486,-7.75704,412
N-N224-1,Junction with new route to San Alberte,43.17418,-7.75714,409
N-N224-2,Área recreativa de Baamonde,43.17124,-7.75549,404
N-N224-3,Casa-Museo Víctor Corral,43.17585,-7.76017,432
N-N225,San Alberte,43.1713,-7.79437,417
N-N226,Toar,43.16403,-7.81194,481
N-N226-1,Junction with variant route to A Porta or Boimorto via A Pobra de Parga de ,43.16412,-7.81234,479
N-N227,Santa Leocadia,43.146028,-7.82104,454
N-N228,Aldar,43.13192,-7.81971,458
N-N229,Seixón,43.1203,-7.81598,454
N-N23,Mendata,43.28666,-2.63491,153
N-N230,Subcampo,43.11584,-7.81552,477
N-N231,La Laguna,43.11722,-7.82355,448
N-N231-1,No shops until Sobrado,43.11642,-7.8245,452
N-N232,Miraz,43.1138,-7.84101,454
N-N232-1,Torre de Miraz,43.11547,-7.84088,448
N-N233,Braña,43.09067,-7.88253,580
N-N234,Roxica,43.06666,-7.9119,623
N-N235,A Cabana,43.0651,-7.91909,619
N-N236,Travesa,43.05446,-7.91822,698
N-N237,Marcela,43.05049,-7.91382,686
N-N238,Corteporcos y Pedramaior,43.0399,-7.91116,645
N-N239,Vilariño,43.03775,-7.957906,636
N-N24,Marmiz,43.29819,-2.6485,126
N-N240,Mesón,43.03764,-7.96412,638
N-N241,Sobrado dos Monxes,43.04037,-8.02354,505
N-N241-1,Sobrado dos Monxes Tourist Office,43.04029,-8.02221,512
N-N241-2,Mosteiro de Santa María de Sobrado dos Monxes,43.03908,-8.02324,502
N-N242,Pontepedra,43.03292,-8.03268,482
N-N243,Castro,43.0173,-8.0611,543
N-N244,Madelos,43.01674,-8.07922,504
N-N245,Corredoiras,43.01553,-8.1056,465
N-N246,Boimil,43.01474,-8.12093,476
N-N247,Boimorto,43.00224,-8.13264,487
N-N247-1,Boimorto Tourist Office,43.00776,-8.12654,487
N-N247-2,Junction for Arzúa, O Pino or Lavacolla links to the French Way,42.99882,-8.13607,468
N-N248,Sendelle,42.98505,-8.15424,380
N-N249,Casaldoeiro,42.95304,-8.15054,345
N-N25,Mendieta,43.30949,-2.66158,67
N-N26,Gernika-Lumo,43.31612,-2.67675,7
N-N26-1,Gernika Tree,43.3131,-2.67992,25
N-N26-2,Park of the Peoples of Europe,43.31408,-2.6807,32
N-N26-3,Mural of Picasso's Guernica,43.31582,-2.68007,21
N-N26-4,Gernika Peace Museum,43.31532,-2.67859,12
N-N27,Muxika y Morga,43.28496,-2.74175,269
N-N28,Goikolexea,43.26726,-2.78285,91
N-N29,Larrabetzu,43.26121,-2.79629,76
N-N3,Lezo,43.32124,-1.89717,16
N-N30,Lezama,43.27385,-2.83316,62
N-N31,Zamudio,43.2849,-2.86614,49
N-N31-1,Vending Machine,43.27096,-2.87336,238
N-N32,Bilbao,43.2599,-2.95289,47
N-N32-1,Cathedral of Santiago,43.25755,-2.92385,15
N-N32-2,Basilica of Begoña,43.25893,-2.91374,88
N-N32-3,Guggenheim Museum,43.26872,-2.934,6
N-N32-4,Museum of Fine Arts,43.26604,-2.93787,14
N-N33,Barakaldo,43.29385,-2.9912,23
N-N33-1,Hard Climb,43.25675,-2.97536,80
N-N34,Sestao,43.30966,-3.00738,62
N-N35,Las Arenas (Gexto),43.32359,-3.01616,4
N-N36,Portugalete,43.32064,-3.0203,36
N-N36-1,Bizkaia Bridge,43.32345,-3.01716,1
N-N37,Pobeña (Muskiz),43.3468,-3.12261,9
N-N37-1,La Arena Beach,43.34691,-3.11963,3
N-N38,Ontón,43.35097,-3.17256,16
N-N39,Baltezana,43.34172,-3.17155,71
N-N4,Pasajes,43.32476,-1.9175,10
N-N4-1,Ferry,43.32626,-1.92001,4
N-N40,Otañes,43.33099,-3.19053,113
N-N41,Santullán,43.34637,-3.21007,72
N-N42,Sámano,43.35654,-3.22963,41
N-N43,Castro Urdiales,43.38196,-3.21875,8
N-N43-1,Church of Santa María de la Asunción,43.38477,-3.21581,7
N-N44,Allendelagua,43.39603,-3.24766,52
N-N44-1,Ruins of the Castle of St Anthony,43.38987,-3.24837,207
N-N45,Cerdigo,43.39964,-3.26605,60
N-N46,Islares,43.40498,-3.30002,29
N-N47,El Pontarrón,43.37894,-3.31889,35
N-N48,Rioseco,43.36479,-3.31675,15
N-N49,Lugarejos,43.36504,-3.34067,180
N-N5,San Sebastián,43.32033,-1.98504,4
N-N5-1,Aquarium,43.3228,-1.99186,21
N-N5-2,Museum of St Telmo,43.32523,-1.9848,6
N-N50,Liendo,43.3935,-3.38003,31
N-N51,Laredo,43.41092,-3.41288,12
N-N51-1,Túnel de La Atalaya,43.41444,-3.41286,34
N-N52,Colidres,43.39532,-3.44929,8
N-N52-1,Puente de Treto,43.39353,-3.46491,0
N-N53,Adal Treto,43.39407,-3.47631,45
N-N54,Cicero,43.40453,-3.48918,33
N-N55,Gama,43.42382,-3.52227,6
N-N56,Escalante,43.43613,-3.51251,4
N-N57,Santoña,43.44716,-3.45486,12
N-N57-1,Marisma de Bengoa,43.45498,-3.46484,0
N-N57-2,Transfer between inland and and coastal routes (to Noja),43.46381,-3.47824,15
N-N57-3,Transfer between inland and and coastal routes (to Noja),43.45822,-3.50543,33
N-N58,Barrio Pereda,43.457189,-3.485717,6
N-N59,Castillo Siete Villas,43.45696,-3.553,51
N-N6,Igueldo,43.31512,-2.02775,183
N-N60,San Miguel de Meruelo,43.45856,-3.58113,28
N-N61,Noja,43.48042,-3.52014,24
N-N61-1,Puente Romano,43.45498,-3.46484,0
N-N61-2,Transfer between inland and and coastal routes (to Castilla),43.47213,-3.51005,6
N-N61-3,Transfer between inland and and coastal routes (to Castillo),43.47836,-3.52486,21
N-N62,Isla,43.49365,-3.56887,75
N-N63,Arnuero,43.47716,-3.56874,65
N-N64,Bareyo,43.4687,-3.59899,81
N-N65,Güemes,43.45605,-3.63496,55
N-N65-1,Interpretation Centre of the Northern Way,43.4884,-3.59842,38
N-N66,Linderrio,43.464203,-3.65972,46
N-N66-1,Transfer between Northern and Southern routes,43.4737,-3.5952,34
N-N67,Ajo,43.48818,-3.60169,47
N-N68,Galizano,43.46853,-3.67007,14
N-N69,Langre,43.47704,-3.7071,33
N-N7,Orio,43.27611,-2.12581,12
N-N70,Loredo,43.46076,-3.72058,15
N-N71,Somo,43.45396,-3.74262,10
N-N71-1,Ferry to Santander,43.452,-3.74651,2
N-N72,El Astillero,43.39753,-3.8199,14
N-N73,Santander,43.46111,-3.80626,5
N-N73-1,Catedral de Santander,43.46106,-3.80713,5
N-N74,Peñacastillo,43.44865,-3.86398,46
N-N75,Santa Cruz de Bezana,43.44279,-3.90218,48
N-N76,Mompía,43.43947,-3.92131,85
N-N77,Boo de Piélagos,43.426403,-3.94046,44
N-N77-1,Train Over Ria de Mongro,43.431582,-3.94633,19
N-N78,Puente Arce,43.40985,-3.94408,14
N-N78-1,Arched Bridge,43.40314,-3.94738,12
N-N79,Oruña,43.40256,-3.9493,8
N-N8,Zarautz,43.28746,-2.17002,5
N-N80,Mar,43.40005,-4.00946,11
N-N81,Mogro,43.42743,-3.97236,41
N-N82,Cudón,43.41571,-4.01129,18
N-N83,Requjada,43.39149,-4.02952,5
N-N84,Barreda,43.37328,-4.04106,10
N-N85,Viveda,43.38068,-4.0505,34
N-N86,Camplengo,43.3926,-4.09299,119
N-N87,Santillana del Mar,43.39041,-4.1075,85
N-N87-1,Cave of Altamira,43.37754,-4.12187,140
N-N87-2,Collegiate Church of St Juliana,43.39234,-4.10596,90
N-N88,El Arroyo,43.4035,-4.12661,104
N-N89,Oreña,43.39589,-4.13444,54
N-N9,Getaria,43.30302,-2.20468,22
N-N9-1,Salbatore Deunaren Eliza,43.30456,-2.20356,5
N-N90,Caborredondo,43.40001,-4.15973,49
N-N91,Cigüenza,43.38803,-4.18071,36
N-N92,Cóbreces,43.38768,-4.21434,57
N-N93,Trasierra,43.39276,-4.23095,98
N-N94,Sierra,43.38955,-4.24234,79
N-N95,La Iglesia,43.38107,-4.25197,42
N-N96,Pando,43.378,-4.26096,64
N-N97,Concha,43.38564,-4.26586,40
N-N98,Comillas,43.38562,-4.292219,23
N-N98-1,El Capricho de Gaudí,43.3839,-4.29265,39
N-N98-2,Palacio de Sobrellano,43.38398,-4.29432,42
N-N99,Barrio Oyambre,43.3894,-4.33103,6
N-N99-1,Playa Oyambre,43.39021,-4.32972,3
N-NR1,A Pobra de Parga,43.1582,-7.83786,441
N-NR2,O Campo da Vila,43.1326,-7.90412,489
N-NR3,A Pena Branca,43.12214,-7.92264,550
N-NR4,Suavila,43.09147,-7.99049,533
N-NR5,As Cruces,43.07824,-8.01323,581
N-NR6,Eirixe,43.05553,-8.06087,519
N-NR7,Novás,43.05405,-8.07156,482
N-RC1,Mioño,43.35962,-3.20266,23
N-T1,Tapia de Casariego,43.56913,-6.94309,28
P-C10,Areia (Árvore),41.33257,-8.73097,21
P-C11,Azurara,41.35036,-8.73899,12
P-C12,Vila do Conde,41.35948,-8.74681,22
P-C12-1,Link to the central route,41.35187,-8.73972,18
P-C13,Póvoa de Varzim,41.38079,-8.76613,8
P-C14,A Ver-o-Mar,41.4049,-8.77906,6
P-C14-1,No water until Apúlia,41.41626,-8.78563,10
P-C15,Aguçadoura,41.42907,-8.78365,11
P-C16,Estela,41.45919,-8.77003,10
P-C17,Apúlia,41.48179,-8.7722,10
P-C18,Fão,41.51244,-8.77351,7
P-C19,Esposende,41.53112,-8.78027,4
P-C2,Custóias,41.20237,-8.64145,94
P-C20,Marinhas,41.54857,-8.7829,10
P-C21,Mar,41.57816,-8.78501,43
P-C22,Belinho,41.58874,-8.78366,34
P-C23,Antas,41.60734,-8.78159,42
P-C24,Castelo do Neiva,41.61692,-8.78878,52
P-C24-1,Igreja de Santiago,41.62536,-8.78846,109
P-C25,São Romão de Neiva,41.63938,-8.77717,69
P-C26,Chafé,41.64948,-8.78172,35
P-C27,Vila Nova de Anha,41.66398,-8.79451,34
P-C28,Darque,41.68067,-8.80692,18
P-C29,Viana do Castelo,41.69682,-8.82324,9
P-C3,Carvalhas,41.22166,-8.65282,32
P-C30,Areosa,41.72067,-8.85306,29
P-C31,Carreço,41.75475,-8.86146,62
P-C32,Afife,41.77342,-8.84678,73
P-C32-1,View of the Atlantic Ocean,41.7768,-8.84777,84
P-C33,Ãncora,41.80327,-8.85231,11
P-C33-1,Ponte da Torre,41.80609,-8.8499,7
P-C34,Vila Praia de Ãncora,41.81481,-8.86441,14
P-C35,Moledo,41.84463,-8.86713,9
P-C35-1,Praia de Moledo,41.84967,-8.8665,6
P-C36,Caminha,41.87632,-8.83473,3
P-C36-1,Igreja Matriz de Caminha,41.87821,-8.83872,5
P-C37,Caminha Ferry,41.87867,-8.83637,2
P-C38,A Pasaxe (Camposancos),41.88896,-8.85074,7
P-C38-1,Castro de Santa Trega,41.89295,-8.8697,230
P-C39,A Guarda,41.90322,-8.87437,47
P-C4,Pedras Rubras,41.240683,-8.66562,83
P-C40,Portecelo,41.95203,-8.88239,40
P-C41,Oia,42.00299,-8.87681,12
P-C42,O Serrallo (Viladesuso),42.03394,-8.88186,19
P-C43,O Porto (Mougás),42.05113,-8.88465,11
P-C44,Pedra Rubia,42.06639,-8.89251,33
P-C45,As Mariñas,42.09691,-8.89364,21
P-C46,O Cabreiro,42.10557,-8.8847,81
P-C47,O Sinal,42.10789,-8.87713,46
P-C48,Percibilleira,42.11428,-8.86258,89
P-C49,Baiona,42.11833,-8.85423,19
P-C5,Vila Nova da Telha,41.25651,-8.67701,56
P-C50,Sabarís,42.11011,-8.82226,5
P-C51,A Ramallosa,42.11762,-8.81104,10
P-C52,Nigrán,42.13872,-8.80714,23
P-C53,Priegue,42.15955,-8.80094,138
P-C54,Saiáns,42.16681,-8.80136,129
P-C55,Oia,42.18203,-8.78785,89
P-C56,Coruxo,42.19316,-8.77304,29
P-C57,Vigo,42.23922,-8.72637,20
P-C58,Senda da Agua (Teis),42.25297,-8.67856,156
P-C59,Senda da Agua (Chapela),42.25996,-8.66897,167
P-C6,Aveleda,41.27118,-8.69198,27
P-C60,Senda da Agua (Transmañó),42.27701,-8.65879,155
P-C61,Cedeira,42.27663,-8.62567,107
P-C62,Santo André de Comesaña,42.19957,-8.75424,28
P-C63,Matamá,42.20058,-8.73918,68
P-C64,Vigo (Parque de Casterelos),42.21165,-8.73222,13
P-C65,San Xose Obreiro,42.22486,-8.71188,85
P-C7,Labruge (Inland),41.28027,-8.70242,22
P-C8,Modivas - Vila Chã,41.29618,-8.70736,43
P-C9,Mindelo,41.31351,-8.71978,31
P-E1,Altabón,42.45839,-8.64918,23
P-E10,Miradoiro do Laoureiro,42.43784,-8.71918,276
P-E11,Monasterio de Armenteira,42.46348,-8.74127,287
P-E12,Ruta de la Piedra y el Agua,42.49042,-8.75174,61
P-E13,Os Castaños,42.49378,-8.77458,12
P-E14,A Ponte de Cabanelas,42.51532,-8.76567,8
P-E15,Ponte Arnelas,42.53526,-8.75239,16
P-E16,Gombra,42.53796,-8.76449,35
P-E17,Mouzos,42.53915,-8.77132,34
P-E18,A Igrexa,42.53617,-8.78183,45
P-E19,San Miguel de Deiro,42.54519,-8.81173,30
P-E2,O Freixo,42.45681,-8.65186,47
P-E20,San Roque do Monte,42.54663,-8.81926,33
P-E21,Vilanova de Arousa,42.56043,-8.82554,5
P-E22,Ruta maritima ría de Arousa y río Ulla,42.56467,-8.83447,1
P-E3,Parada de Arriba,42.4602,-8.65537,50
P-E4,O Cableiro (San Pedro de Campañó),42.4642,-8.664,94
P-E5,Fragamoreira,42.4567,-8.67327,78
P-E6,San Xoán de Poio,42.44648,-8.6857,41
P-E7,Combarro,42.436582,-8.70062,21
P-E8,Xuviño,42.43834,-8.70778,80
P-E9,Esperón,42.4439,-8.711673,157
P-F1,Azóia de Baixo,39.29792,-8.70602,36
P-F10,Fátima,39.63124,-8.67214,350
P-F10-1,Santuário de Fátima,39.63163,-8.67331,348
P-F11,Alveijar,39.61784,-8.6163,234
P-F12,Outeiro das Matas,39.60709,-8.58512,217
P-F13,Lagoa do Furadouro,39.62178,-8.55266,228
P-F14,Fungalvaz,39.61162,-8.49922,122
P-F15,Brasões,39.61361,-8.45163,145
P-F16,Murtal,39.6474,-8.6379,260
P-F17,N113 Crossing,39.6598,-8.6252,200
P-F18,Rua da Cartaxa,39.661,-8.6111,229
P-F19,Jorja,39.668,-8.6025,180
P-F2,Santos,39.37447,-8.71393,127
P-F20,Pinheiro,39.6788,-8.5964,264
P-F21,Casal do Castanheiro,39.679,-8.5789,238
P-F22,Casal dos Crespos,39.6909,-8.563,212
P-F23,Conceicão,39.7006,-8.56289,144
P-F24,Rua Ribeira do Castelo,39.7118,-8.5521,147
P-F25,Caxarias,39.7149,-8.544,147
P-F26,Rio de Couros,39.7267,-8.4988,122
P-F27,Carvalhal do Meio,39.7364,-8.5251,183
P-F28,Casal do Ribeiro,39.7481,-8.517,166
P-F29,Cacinheira,39.7557,-8.5131,165
P-F3,Arneiro das Milhaiças,39.39985,-8.70393,66
P-F30,Farrio,39.7809,-8.5051,178
P-F31,Cumeada,39.799,-8.4927,203
P-F32,Ponte Nova,39.8238,-8.4707,141
P-F33,Almoster,39.8473,-8.4456,189
P-F35,Vale da Perra,39.62645,-8.62048,267
P-F36,Atougia,39.64427,-8.61039,160
P-F37,Beltroa,39.64912,-8.59805,164
P-F38,Ourém,39.65694,-8.57748,167
P-F39,Vale Travesso,39.67272,-8.55966,215
P-F4,Amiais de Baixo,39.44404,-8.72269,112
P-F40,Coroados,39.66941,-8.5367,147
P-F41,Pombalinho,39.6749,-8.52471,118
P-F42,Cogominho,39.70175,-8.52304,125
P-F43,Vendas,39.7085,-8.52642,135
P-F44,Calhorda,39.71631,-8.51447,121
P-F45,Andrés,39.72071,-8.50673,121
P-F46,Casal do Pinhero,39.75326,-8.46002,120
P-F47,Freixanda,39.76227,-8.4592,115
P-F48,Pelmá,39.7671,-8.45307,112
P-F49,Aldeia da Serra,39.78122,-8.45785,134
P-F5,Monsanto,39.462107,-8.71166,141
P-F50,Charneca,39.79158,-8.46357,118
P-F51,Capela de Nossa Senhora da Graça,39.80135,-8.45777,153
P-F52,Bofinho,39.81381,-8.43084,199
P-F53,Vale da Couda,39.84146,-8.43498,261
P-F54,Santiago dos Ariques,39.85843,-8.43039,288
P-F6,Covão do Feto,39.49428,-8.6935,169
P-F7,Minde,39.51473,-8.68721,204
P-F8,Covão do Coelho,39.53119,-8.67287,347
P-F9,Moita do Martinho,39.61865,-8.70121,371
P-L4-1,Praia de Matosinhos,41.17698,-8.69259,1
P-P1,Lisboa,38.7098,-9.1333,26
P-P1-1,Lisbon Cathedral,38.70984,-9.13291,30
P-P1-2,Museu Nacional do Azulejo,38.72508,-9.11347,8
P-P10,Sobralinho,38.9134,-9.0236,15
P-P100,Sardão,40.56416,-8.44603,16
P-P101,Águeda,40.57197,-8.44785,16
P-P101-1,Umbrella Sky Project,40.57211,-8.44728,18
P-P102,Paredes,40.57712,-8.45287,22
P-P103,Vale da Erva,40.57985,-8.45573,36
P-P104,Mourisca do Vouga,40.60593,-8.46196,77
P-P105,Pedaçães,40.62791,-8.47019,74
P-P106,Lamas do Vouga,40.636779,-8.470623,26
P-P106-1,Ponte medieval do Rio Marnel,40.63329,-8.46943,14
P-P107,Lameiro,40.64641,-8.46581,32
P-P108,Serém de Cima,40.65458,-8.47017,95
P-P109,Albergaria-a-Velha,40.68885,-8.48188,118
P-P109-1,Statue of Queen Teresa,40.69303,-8.47979,123
P-P11,Alhandra,38.9284,-9.0098,10
P-P110,Urgueiras,40.7043,-8.47797,150
P-P111,Albergaria-a-Nova,40.74353,-8.490641,154
P-P112,Laginhas,40.7556,-8.489219,150
P-P113,Escusa,40.76012,-8.489,149
P-P114,Outeirinho,40.7658,-8.48498,154
P-P115,Coche,40.77148,-8.48383,157
P-P116,Pinheiro da Bemposta,40.78461,-8.492,139
P-P117,Besteiros,40.7989,-8.48107,211
P-P118,Póvoa (Travaca),40.8159,-8.48194,127
P-P119,Oliveira de Azeméis,40.8393,-8.47737,206
P-P12,Vila Franca de Xira,38.9569,-8.9874,10
P-P120,Santiago de Riba-Ul,40.84963,-8.48856,157
P-P121,Cucujães,40.86643,-8.494,132
P-P122,Faria,40.8793,-8.49511,151
P-P123,São João de Madeira,40.8993,-8.49252,224
P-P123-1,Museu da Chapelaria,40.9033,-8.4956,220
P-P123-2,Museu do Calçado,40.90403,-8.49579,219
P-P124,Arrifana,40.91383,-8.4969,268
P-P125,Infestas,40.92474,-8.51079,213
P-P126,Malaposta,40.94832,-8.512145,302
P-P127,Airas,40.95678,-8.51768,299
P-P128,Souto Redondo,40.963,-8.52218,269
P-P129,Ferradal,40.97519,-8.52659,211
P-P13,Estación de Carregado,39.0058,-8.9534,4
P-P130,Lourosa,40.98862,-8.53635,221
P-P131,Vergada (Mozelos),41.0053,-8.54948,225
P-P132,Goda,41.00669,-8.56318,204
P-P133,Grijó,41.02636,-8.58077,121
P-P133-1,Mosteiro de San Salvador de Grijó,41.02877,-8.58005,126
P-P134,Sergueiros,41.05583,-8.58833,117
P-P135,Perosinho,41.06243,-8.59778,127
P-P136,Rechousa,41.09537,-8.59869,149
P-P137,Vila Nova de Gaia,41.12256,-8.60603,119
P-P137-1,Ponte de Dom Luís I,41.14011,-8.60944,5
P-P137-2,Port Warehouses,41.13752,-8.61566,3
P-P138,Porto,41.1431,-8.61098,62
P-P138-1,Catedral do Porto,41.14287,-8.61111,61
P-P138-2,Livraria Lello,41.14698,-8.61483,85
P-P138-3,Littoral Route,41.14276,-8.61182,57
P-P139,Padrão da Légua,41.19297,-8.63375,106
P-P139-1,Coastal Route,41.19334,-8.63385,105
P-P14,Vila Nova de Rainha,39.0363,-8.9281,7
P-P140,Araújo,41.21976,-8.637469,74
P-P141,Ponte de Moreira,41.236,-8.64681,32
P-P142,Moreira da Maia,41.24546,-8.64859,79
P-P143,Vilar do Pinheiro,41.26964,-8.66434,70
P-P144,Mosteiró,41.27881,-8.67106,33
P-P145,Vilar (Vila do Conde),41.28916,-8.67474,48
P-P146,Gião,41.30797,-8.67913,57
P-P146-1,Detour,41.31097,-8.67911,61
P-P147,Vairão,41.3257,-8.67378,102
P-P148,Monasterio de Vairão,41.33283,-8.66901,63
P-P149,Vilarinho,41.33814,-8.682257,62
P-P149-1,Alternative Route,41.34591,-8.67935,48
P-P149-2,Ponte de Dom Zameiro,41.35159,-8.6814,12
P-P15,Azambuja,39.0695,-8.8667,14
P-P150,Bagunte,41.34849,-8.67869,44
P-P151,Santagões,41.3635,-8.68208,60
P-P152,Junqueira,41.37991,-8.67949,58
P-P153,São Miguel de Arcos,41.39548,-8.6671,44
P-P154,São Pedro de Rates,41.42524,-8.66699,67
P-P154-1,Igreja de São Pedro de Rates,41.42339,-8.67237,54
P-P155,Courel,41.44763,-8.6519,93
P-P156,Pedra Furada,41.46789,-8.63657,116
P-P157,Silgueiros (Pereira),41.48497,-8.63133,116
P-P158,Carvalhal,41.50849,-8.63623,50
P-P159,Barcelinhos,41.52796,-8.62219,21
P-P159-1,Ponte de Barcelos,41.52764,-8.62226,18
P-P16,Reguengo,39.0706,-8.7825,5
P-P160,Barcelos,41.5347,-8.62165,41
P-P161,Vila Boa,41.55543,-8.62018,67
P-P162,Ribeira (Lijó),41.56544,-8.61775,55
P-P163,Portela de Tamel,41.60194,-8.62883,181
P-P164,Aborim,41.61139,-8.63605,125
P-P165,Ponte das Tábuas,41.63223,-8.64242,59
P-P165-1,Bathing area in the River Neiva,41.63212,-8.64268,59
P-P166,Balugães,41.64396,-8.63915,102
P-P167,Poiares,41.65387,-8.63104,77
P-P168,Corgo,41.66856,-8.62482,107
P-P169,Valinhas,41.6738,-8.61822,103
P-P17,Valada,39.0805,-8.7606,8
P-P170,Igreja,41.68244,-8.6158,123
P-P170-1,Alternative Ascent for Cyclists via Rúa de Reborido,41.6865,-8.62092,169
P-P171,Alto de Albergaria,41.68897,-8.62136,179
P-P172,Arribão,41.71461,-8.61978,70
P-P173,Sobreiro,41.72775,-8.62401,47
P-P174,Nabais,41.73277,-8.62341,32
P-P175,Anta,41.74301,-8.61932,15
P-P176,Bouça,41.74717,-8.6145,18
P-P177,Paço,41.75118,-8.61067,22
P-P178,Barros (Correlhã),41.75505,-8.60538,12
P-P178-1,Ponte Romano-Gótica de Ponte de Lima,41.7694,-8.58667,4
P-P178-2,Fonte Chafariz,41.76858,-8.58437,11
P-P179,Ponte de Lima,41.76877,-8.58437,11
P-P18,Porto de Muge,39.1074,-8.7384,7
P-P180,Álém da Ponte,41.76976,-8.58917,11
P-P181,Sabadão,41.77836,-8.59296,18
P-P182,Arcozelo,41.7928,-8.59266,28
P-P183,Riba Rio,41.80758,-8.5975,39
P-P183-1,Alternative Route for Cyclists,41.81061,-8.59872,42
P-P184,Arco,41.82364,-8.59647,70
P-P185,Codeçal,41.829204,-8.59586,83
P-P186,Labruja,41.840789,-8.60084,152
P-P187,Bandeira,41.844825,-8.60075,167
P-P187-1,Alternative Route for Cyclists,41.84696,-8.602,199
P-P188,Alto da Portela Grande,41.86235,-8.60816,398
P-P189,Cabanas (Aqualonga),41.87322,-8.616185,296
P-P19,Omnias,39.2182,-8.6828,17
P-P190,Aqualonga,41.88401,-8.62016,236
P-P191,São Roque,41.88919,-8.6262,248
P-P192,Rubiães,41.89959,-8.62463,193
P-P193,Ponte Nova (Cossourado),41.90416,-8.62638,157
P-P194,Pecene,41.92715,-8.62681,255
P-P195,São Bento da Porta Aberta,41.93158,-8.62834,274
P-P196,Gontumil,41.94182,-8.63085,181
P-P197,Pereira (Fontoura),41.95131,-8.63379,86
P-P198,Bárrio (Fontoura),41.9546,-8.63386,65
P-P199,Paços,41.97479,-8.63386,59
P-P2,Parque das Nações,38.7629,-9.0982,11
P-P2-1,Oceanário de Lisboa,38.76342,-9.09372,1
P-P20,Santarém,39.2338,-8.6861,110
P-P20-1,Igreja do Seminário ou de Nossa Senhora da Conceição do Colégio dos Jesuítas,39.23696,-8.68518,111
P-P20-2,Jardim das Portos do Sol,39.23382,-8.67573,98
P-P20-3,Fátima Variant,39.23458,-8.68591,110
P-P200,Pedreira,41.98815,-8.63527,34
P-P201,Gandra,42.00356,-8.63742,23
P-P202,Arão,42.01397,-8.64305,22
P-P203,Valença do Minho,42.02535,-8.64577,58
P-P203-1,Ponte Rodo-Ferroviária de Valença,42.03643,-8.64668,0
P-P204,Tui,42.0464,-8.64456,49
P-P204-1,Catedral de Santa María de Tui,42.04621,-8.64438,48
P-P205,San Bartolome de Rebordans,42.05351,-8.63952,19
P-P206,A Picoña,42.05783,-8.63817,19
P-P207,Virxe do Camiño,42.06439,-8.63978,18
P-P208,Ribadelouro (A Magdalena),42.09661,-8.64144,30
P-P209,Orbenlle,42.10246,-8.63306,35
P-P209-1,Route via Ribadelouro,42.1012,-8.63467,24
P-P21,Ribeira de Santarém,39.2377,-8.6749,21
P-P210,Quintenla,42.12028,-8.64231,45
P-P211,Centeáns,42.12709,-8.64182,37
P-P212,Pontellas,42.1304,-8.642264,42
P-P213,San Campio,42.13253,-8.64075,44
P-P214,Torneiros,42.13593,-8.6339,22
P-P215,O Porriño,42.16304,-8.62137,32
P-P215-1,Fonte do Cristo,42.16256,-8.6213,32
P-P216,Coto Filgueiras,42.17582,-8.61709,44
P-P217,Ameiro Longo,42.18116,-8.62019,61
P-P218,Veigandaña,42.183401,-8.61827,63
P-P219,A Rúa (Mos),42.20202,-8.60754,81
P-P22,Vale de Figuiera,39.3079,-8.6274,56
P-P220,Santiaguiño de Antas,42.21847,-8.60744,148
P-P221,Galleiro,42.2386,-8.61303,197
P-P222,Saxamonde (Padrón),42.25425,-8.60912,63
P-P223,Redondela,42.28393,-8.60912,4
P-P223-1,Junction of Central and Coastal Routes,42.27932,-8.61055,6
P-P224,Zacande,42.29396,-8.60747,6
P-P225,Cesantes,42.29948,-8.60955,23
P-P226,Soutoxusto,42.316491,-8.60747,147
P-P227,Arcade,42.33998,-8.60599,35
P-P228,Pontesampaio,42.34878,-8.60736,17
P-P228-1,Praia da Xunqueira,42.34598,-8.60467,4
P-P229,Cacheiro,42.35936,-8.61855,87
P-P23,Azinhaga,39.3477,-8.5293,20
P-P230,Bergunde,42.37078,-8.62615,104
P-P231,Alcouce,42.37928,-8.62869,77
P-P232,Ganderón Santa Marta,42.39457,-8.62895,33
P-P233,O Pobo,42.39691,-8.62979,35
P-P233-1,Río Tomeza,42.39703,-8.6298,35
P-P233RT,Río Tomeza,42.4067,-8.63615,22
P-P234,O Lusquinos,42.40929,-8.63331,30
P-P235,O Marco,42.41547,-8.63312,18
P-P236,Pontevedra,42.4311,-8.64361,20
P-P236-1,Igrexa da Virxe Peregrina,42.430901,-8.64362,20
P-P236-2,Xunqueira de Alba,42.44997,-8.64198,4
P-P237,O Burgo,42.44398,-8.64366,5
P-P238,Pontecabras,42.45685,-8.64444,8
P-P238-1,Variante Espiritual,42.45683,-8.64448,8
P-P239,Alba,42.46824,-8.64827,18
P-P24,Golegã,39.4065,-8.486,24
P-P240,O Castrado-Leborei,42.47936,-8.65101,41
P-P241,San Amaro,42.50474,-8.65001,126
P-P242,A Cancela,42.51372,-8.64748,92
P-P243,San Antoñino (Barro),42.52473,-8.646,69
P-P244,A Seca,42.55506,-8.6377,28
P-P244-1,Fervenzas do Barosa,42.55586,-8.63082,48
P-P245,Briallos,42.56307,-8.64508,26
P-P246,Tivo,42.58931,-8.64573,25
P-P247,Caldas de Reis,42.60405,-8.64201,25
P-P248,A Lavadeira,42.61844,-8.64469,50
P-P249,Carracedo (Cruceiro),42.64941,-8.64518,136
P-P25,São Caetano,39.4401,-8.4525,24
P-P250,O Campo,42.651936,-8.64564,145
P-P251,Cortiñas,42.65411,-8.64428,160
P-P252,Gorgullón,42.65584,-8.64209,164
P-P253,Casalderrique,42.659,-8.63521,150
P-P254,Cernadas,42.66715,-8.63379,137
P-P255,Aldea de O Pino (Lugar de Magariños),42.67641,-8.63867,133
P-P256,San Miguel de Valga,42.69501,-8.63827,60
P-P257,Condide,42.71135,-8.64717,29
P-P258,Pontecesures,42.7217,-8.64894,36
P-P258-1,Herbón Route,42.72613,-8.65092,10
P-P258-2,Porto de Pontecesures,42.72153,-8.6539,3
P-P259,Herbón,42.73285,-8.63128,14
P-P26,Vila Nova da Barquinha,39.4629,-8.4425,36
P-P260,Padrón,42.73903,-8.66146,6
P-P261,Iria Flavia,42.74623,-8.65559,10
P-P262,Cambelas,42.75605,-8.65187,17
P-P263,Romarís,42.76452,-8.65496,11
P-P264,Tarrío,42.7705,-8.65431,19
P-P265,Vilar,42.777128,-8.655,24
P-P266,A Escravitude,42.7834,-8.65027,33
P-P267,Cruces,42.7881,-8.6477,49
P-P268,Angueira de Suso,42.79654,-8.63906,54
P-P269,O Areal,42.7998,-8.63493,58
P-P27,Atalaia,39.4808,-8.4519,63
P-P270,A Picaraña,42.80223,-8.638,44
P-P271,O Faramello,42.80984,-8.62814,74
P-P272,Rúa de Francos,42.8147,-8.62013,101
P-P273,Osebe,42.82138,-8.617,122
P-P274,Riotinto,42.82609,-8.61113,123
P-P275,Lugar de Pedreira,42.82827,-8.60971,128
P-P276,Raíces,42.83347,-8.60106,162
P-P277,O Milladoiro,42.84746,-8.58026,246
P-P278,Porto de Conxo,42.85097,-8.57719,222
P-P279,A Rocha Vella,42.86016,-8.57696,207
P-P28,Grou,39.5104,-8.4057,138
P-P280,Ponte Vella de Arriba,42.86569,-8.57233,163
P-P281,Camino complementario,42.86336,-8.56569,191
P-P282,Conxo,42.8627,-8.5564,201
P-P283,Plaza de Vigo,42.87379,-8.55249,235
P-P29,Asseiceira,39.522,-8.4037,87
P-P3,Sacavém,38.79685,-9.1047,6
P-P30,Guerrira,39.5428,-8.3916,61
P-P31,Casal Marmelo,39.5711,-8.3939,41
P-P32,Tomar,39.6046,-8.4099,54
P-P32-1,Castelo de Tomar,39.60343,-8.41758,106
P-P32-2,Convento de Cristo,39.60402,-8.419103,109
P-P33,Ponte de Peniche,39.6204,-8.4,71
P-P34,Casais,39.6523,-8.3844,152
P-P35,Soianda,39.6605,-8.3829,191
P-P36,Calvinos,39.6744,-8.3764,212
P-P37,Chão das Eiras,39.6868,-8.3729,158
P-P38,Pte. de Ceras,39.6972,-8.3592,157
P-P39,Escoural,39.6998,-8.3559,187
P-P4,Granja,38.8581,-9.1075,8
P-P40,Rua de Espanha,39.7052,-8.3554,245
P-P41,Portela de Vila Verde,39.7103,-8.357,234
P-P42,Vila Verde (Areias),39.7339,-8.345,242
P-P43,Tojal,39.752,-8.3625,237
P-P44,Cortiça,39.7809,-8.3822,238
P-P45,Outeiro da Cotovia,39.7828,-8.3781,254
P-P46,Outerinho,39.7882,-8.3745,275
P-P47,Feteiras,39.801,-8.3727,285
P-P48,Farroeira,39.8109,-8.3737,307
P-P49,Alvaiázere,39.8255,-8.3814,318
P-P5,Alpriate,38.8634,-9.092,34
P-P50,Laranjeiras,39.8431,-8.3941,356
P-P51,Vendas,39.8499,-8.4018,452
P-P52,Venda do Negro,39.8688,-8.4203,345
P-P53,Casal Soeiro,39.8898,-8.4189,357
P-P54,Empeados,39.8993,-8.4261,288
P-P55,Ansião,39.9108,-8.4383,205
P-P56,Netos,39.93964,-8.43689,251
P-P57,Venda do Brasil,39.95291,-8.45365,288
P-P58,Casais da Granja,39.95409,-8.45848,274
P-P59,Junqueira,39.96713,-8.45559,258
P-P6,São João de Talha,38.8257,-9.0975,69
P-P60,Alvorge,39.97881,-8.4558,289
P-P61,Ribeira de Alcalamouque,40.01172,-8.45301,200
P-P62,Rabaçal,40.02915,-8.45484,187
P-P62-1,Villa Romana do Rabaçal,40.03836,-8.45767,180
P-P63,Zambujal,40.05548,-8.44599,174
P-P63-1,Refugio Peregrino Nicolau,40.06773,-8.46059,157
P-P64,Fonte Coberta,40.06932,-8.46211,150
P-P65,Poço,40.07838,-8.47808,166
P-P66,Conímbriga,40.0985,-8.49157,108
P-P66-1,Museu Monográfico de Conímbriga,40.09835,-8.4905,108
P-P67,Valada (Condeixa-a-Nova),40.10541,-8.48771,122
P-P68,Atadoa,40.10828,-8.4787,112
P-P69,Avessada,40.11301,-8.47686,108
P-P7,Santa Iria de Azoia,38.8378,-9.0827,17
P-P70,Orelhudo,40.12555,-8.47777,88
P-P71,Ribeira de Casconha,40.130942,-8.47169,96
P-P72,Cernache,40.13786,-8.46969,103
P-P73,Pousada,40.14083,-8.45492,125
P-P74,Palheira,40.16453,-8.45126,134
P-P75,Qunita do Limoneiro,40.17535,-8.45123,173
P-P76,Cruz dos Morouços,40.18148,-8.45167,190
P-P77,Bordalo,40.19297,-8.44637,100
P-P78,Coímbra,40.20705,-8.42957,31
P-P78-1,Biblioteca Joanina,40.20719,-8.42634,44
P-P78-2,Jardim Botânico da Universidade de Coimbra,40.20576,-8.42137,77
P-P78-3,Mosteiro de Santa Clara-a-Velha,40.20278,-8.43333,35
P-P79,Adémia de Baxio,40.25047,-8.45062,20
P-P8,Póvoa de Santa Iria,38.8663,-9.0597,15
P-P80,Fornos,40.2661,-8.44452,20
P-P81,Trouxemil,40.27533,-8.45419,95
P-P82,Adões,40.28156,-8.45361,96
P-P83,Sargento Mõr,40.28961,-8.44734,90
P-P84,Santa Luzia,40.30531,-8.44864,141
P-P85,Mala,40.3357,-8.46423,91
P-P86,Lendiosa,40.34608,-8.4632,74
P-P87,Vimieira,40.35749,-8.46366,90
P-P88,Mealhada,40.38071,-8.44947,48
P-P89,Sernadelo,40.39079,-8.44932,45
P-P9,Alverca do Ribatejo,38.8995,-9.0371,15
P-P90,Alpalhão,40.40251,-8.44803,56
P-P91,Aguim,40.41415,-8.44549,70
P-P92,Anadia,40.44406,-8.45208,31
P-P93,Arcos,40.44794,-8.44157,40
P-P94,Alféloas,40.45216,-8.43849,34
P-P95,Avelãs de Caminho,40.47925,-8.45289,24
P-P96,São Jão de Azenha,40.49522,-8.45379,21
P-P97,Aguada de Baixo,40.5132,-8.45376,32
P-P98,Landosia,40.51771,-8.45552,14
P-P99,Brejo,40.55106,-8.45117,53
P-T1,Seixas,41.89631,-8.81894,10
P-T10,Aerodromo Povóa de Varzim,41.44825,-8.70577,65
P-T11,Lagoa Negra,41.46561,-8.73103,33
P-T12,Fonte Boa,41.49999,-8.73962,24
P-T2,Lanhelas,41.90781,-8.79072,26
P-T3,Gondarém,41.91668,-8.76107,38
P-T4,Vila Nova de Cerveira,41.94695,-8.74035,29
P-T5,Lovelhe,41.95439,-8.73215,48
P-T6,Reboreda,41.95858,-8.72752,53
P-T7,São Pedro da Torre,41.98998,-8.66673,16
P-T8,Ponte Rodo-Ferroviária de Valença jetty,42.03713,-8.64375,4
P-T9,Touguinha,41.37183,-8.71586,16
PR-N10,Figares,43.41583,-5.52299,372
PR-N11,Pedrosa,43.41158,-5.53156,291
PR-N12,Cárcava,43.41113,-5.54067,292
PR-N13,Vega de Sariego,43.41057,-5.55808,288
PR-N14,Barbechu,43.41026,-5.57252,290
PR-N15,Aramanti,43.41017,-5.58781,288
PR-N16,El Castro,43.40866,-5.59596,275
PR-N17,Aveno,43.40701,-5.60772,286
PR-N18,Ermita de La Bienvenida,43.39883,-5.62916,264
PR-N19,Curuxeo,43.39432,-5.63242,255
PR-N20,Pola de Siero,43.39417,-5.66204,219
PR-N20-1,Chapel of St Fabian and St Sebastian,43.3928,-5.6626,218
PR-N21,El Berrón,43.38512,-5.70121,209
PR-N22,Fonciello,43.37593,-5.73286,184
PR-N23,Meres,43.37616,-5.7479,185
PR-N23-1,Palacio de Meres/Argüelles,43.37807,-5.75209,190
PR-N24,Granda/Castañera,43.37814,-5.77314,181
PR-N25,Colloto,43.37815,-5.7928,174
PR-N25-1,Mediaeval Bridge,43.379408,-5.78865,167
PR-N4,San Salvador de Valdediós,43.43727,-5.50713,143
PR-N4-1,Monastery of Santa María la Real de Valdediós,43.4366,-5.50694,145
PR-N5,Vallinaoscura,43.42701,-5.50783,235
PR-N6,Villarrica,43.42846,-5.51423,262
PR-N7,Ambás,43.44639,-5.48756,201
PR-N8,Arbazal,43.43115,-5.49949,385
PR-N9,Alto de la Campa,43.42263,-5.51297,389
PR-P1,Oviedo,43.36238,-5.84392,228
PR-P1-1,Cathedral of San Salvador,43.36252,-5.84367,227
PR-P10,Peñaflor,43.40275,-6.04443,80
PR-P10-1,Medieval Pass,43.40357,-6.04091,93
PR-P100,Ferreira,42.94605,-7.81723,529
PR-P100-1,Ponte Romana de Ferreira,42.94618,-7.81701,529
PR-P101,Leboreira (Augas Santas),42.94378,-7.84467,606
PR-P102,Merlán,42.94213,-7.87259,548
PR-P103,As Seixas,42.94263,-7.8822,585
PR-P104,Casacamiño,42.94185,-7.89691,639
PR-P105,O Hospital,42.95096,-7.90217,676
PR-P106,Vilouriz,42.94261,-7.93332,569
PR-P107,Vilamor,42.94312,-7.95172,505
PR-P11,Grado,43.39001,-6.06799,55
PR-P12,San Juan de Vilapañada (Cabruñana),43.38789,-6.10525,233
PR-P13,El Fresno,43.38438,-6.12102,364
PR-P14,San Marcelo,43.3899,-6.13235,223
PR-P15,Santa Eulalia de Doriga,43.39547,-6.14447,122
PR-P16,Casas del Puente,43.40419,-6.150403,67
PR-P17,Cornellana,43.41214,-6.15787,58
PR-P18,Sobrerriba,43.40512,-6.16459,130
PR-P19,Llamas,43.40417,-6.18764,102
PR-P2,San Lázaro de Paniceres,43.37062,-5.88441,238
PR-P20,Quintana,43.40692,-6.21017,116
PR-P21,Casazorrina,43.40352,-6.23325,159
PR-P22,Salas,43.40882,-6.26036,241
PR-P22-1,Collegiate Church of St Mary,43.40875,-6.26065,242
PR-P23,Porciles,43.40988,-6.30891,641
PR-P24,Bodenaya,43.40037,-6.32382,638
PR-P25,La Espina,43.39461,-6.33653,657
PR-P26,La Pereda,43.3899,-6.34347,685
PR-P27,Bedures,43.38012,-6.35852,724
PR-P27-1,Molín de Bedures,43.3797,-6.36093,733
PR-P28,La Millariega,43.37737,-6.36168,714
PR-P28-1,Punto de Descanso de Peregrinos,43.37534,-6.36452,708
PR-P29,El Pedrigal,43.37203,-6.36613,714
PR-P3,Lampajúa,43.37597,-5.91069,216
PR-P30,Tineo,43.335289,-6.4152,674
PR-P30-1,Church of St Peter and Museum of Religious Art,43.33529,-6.41513,674
PR-P31,Obona,43.33582,-6.48464,637
PR-P31-1,Monastery of Obona,43.34042,-6.47965,624
PR-P32,Villaluz,43.341259,-6.49756,632
PR-P33,Vega de Rey,43.33658,-6.50366,600
PR-P34,Berrugoso,43.3372,-6.50964,599
PR-P35,Campiello,43.33646,-6.52518,608
PR-P36,El Espin,43.33716,-6.53563,578
PR-P37,Borres,43.33601,-6.55554,611
PR-P38,Samblismo,43.32655,-6.56846,697
PR-P39,La Mortera,43.32271,-6.58157,684
PR-P4,Loriana,43.37888,-5.92109,165
PR-P40,Colinas de Arriba,43.31331,-6.59231,754
PR-P41,Porciles,43.30155,-6.59874,749
PR-P42,Lavadoira,43.29279,-6.60236,799
PR-P43,Ferroy,43.2796,-6.60288,633
PR-P44,Pola de Allande,43.27199,-6.6109,534
PR-P45,Peñaseita,43.28299,-6.63614,653
PR-P46,Alto de El Palo,43.27324,-6.6781,1147
PR-P47,Montefurado,43.2644,-6.69777,902
PR-P48,Lago,43.25347,-6.73258,897
PR-P49,Hospital de Paradiella,43.30974,-6.61618,998
PR-P5,La Bolguina,43.37953,-5.92631,113
PR-P50,Hospital de Fonfaraón,43.30034,-6.63744,1192
PR-P51,Hospital de Valparaíso,43.30434,-6.65379,1161
PR-P52,Alto de La Marta,43.29564,-6.67109,1105
PR-P53,Berducedo,43.23379,-6.7672,898
PR-P54,La Mesa,43.21809,-6.80365,868
PR-P55,Buspol,43.22469,-6.82178,974
PR-P56,Vistalegre,43.23371,-6.85314,291
PR-P57,Grandas de Salime,43.21762,-6.87587,562
PR-P57-1,Ethnographic Museum,43.21793,-6.87455,557
PR-P58,La Farrapa,43.21148,-6.88975,672
PR-P59,Carreijeira,43.21206,-6.90222,641
PR-P6,Escamplero,43.39143,-5.94847,248
PR-P6-1,Puente medieval de Gallegos,43.38313,-5.931143,105
PR-P60,Maineira,43.20715,-6.91509,648
PR-P61,Castro,43.20024,-6.92173,672
PR-P61-1,Castro Chao Samartin,43.1988,-6.92571,660
PR-P62,Padraira,43.19156,-6.92251,708
PR-P63,Gestoselo,43.17782,-6.91898,714
PR-P63-1,Petroglifos de A Xorenga III,43.18408,-6.91171,707
PR-P63-2,Túmulo prehistórico de El Canadeiro,43.18083,-6.91676,714
PR-P64,Peñafuente,43.16339,-6.93513,850
PR-P64-1,Galerías mineras de Penafurada,43.15066,-6.93702,706
PR-P65,O Acebo,43.143944,-6.96893,1021
PR-P66,Cabreira,43.13623,-6.98685,982
PR-P67,Fonfria,43.148291,-7.00106,945
PR-P68,Barbeitos,43.14914,-7.01769,922
PR-P68-1,Alternate routes to A Montouto,43.13492,-7.0562,841
PR-P69,Silvela,43.14281,-7.0331,863
PR-P69-1,Pilgrims Office,43.12571,-7.06747,955
PR-P7,Premoño,43.39463,-5.98929,132
PR-P7-1,Termas romanas de Valduno,43.39123,-6.00526,57
PR-P70,Paradanova,43.13494,-7.05577,844
PR-P71,A Fonsagrada,43.12602,-7.0675,953
PR-P72,Padrón,43.11717,-7.07812,881
PR-P73,O Piñeiral,43.10752,-7.09455,884
PR-P74,Villardongo,43.10859,-7.1069,907
PR-P75,Burón,43.140189,-7.08517,691
PR-P76,Montouto,43.09495,-7.143965,1026
PR-P76-1,Ancient Pilgrims Hospital and Dolmen,43.0953,-7.14401,1026
PR-P77,Paradavella,43.07789,-7.17482,686
PR-P78,A Degolada,43.06729,-7.17481,732
PR-P79,O Couto,43.05776,-7.17267,674
PR-P8,Paladín,43.399,-6.01406,57
PR-P80,A Lastra,43.05068,-7.18276,804
PR-P81,Fontaneira,43.03391,-7.20002,899
PR-P82,O Cádavo - Baleira,43.01537,-7.24505,722
PR-P83,Pradeda,43.01247,-7.25545,732
PR-P83-1,Alternative Routes to Castroverde,43.01709,-7.27053,855
PR-P84,Vilalle,43.02214,-7.29954,648
PR-P85,Vilabade,43.03571,-7.30057,673
PR-P86,Castroverde,43.02975,-7.32587,592
PR-P87,San Miguel do Camino,43.02704,-7.33824,538
PR-P88,Souto de Torres,43.01935,-7.36502,515
PR-P89,Nadela,43.01749,-7.38325,505
PR-P9,Puerma,43.3973,-6.02199,59
PR-P90,Vilar de Cas,43.01743,-7.39208,519
PR-P91,Soutomerille,43.017578,-7.39709,512
PR-P92,Gondar,43.02151,-7.42259,482
PR-P92-1,Oasis Primitivo Rest Area,43.022627,-7.418868,487
PR-P92-2,Vending Machines,43.02146,-7.42261,482
PR-P93,Bascuas,43.01758,-7.45525,508
PR-P94,As Casas da Viña,43.0191,-7.49756,503
PR-P95,Lugo,43.00962,-7.55815,457
PR-P95-1,Lugo Cathedral,43.00941,-7.558019,457
PR-P95-2,Roman Walls,43.00888,-7.55922,449
PR-P96,San Vicente do Burgo,42.96887,-7.64518,535
PR-P97,Santa Eulalia de Bóveda,42.96495,-7.6663,545
PR-P97-1,Temple of Santalla de Bóveda,42.98069,-7.68604,502
PR-P98,Bacurin,42.96727,-7.68823,533
PR-P99,San Romao de Retorta,42.95522,-7.73976,583
PR-P99-1,Church and Roman Millarium,42.95506,-7.73875,577
ST-ST1,Santiago de Compostela,42.88051,-8.54556,253
ST-ST1-1,Catedral Basílica de Santiago de Compostela,42.8806,-8.54466,259
ST-ST1-2,Praza das Platerias,42.88019,-8.54431,259
ST-ST1-3,Praza do Obradoiro,42.88046,-8.54572,252
ST-ST1-4,Pilgrim Office,42.88207,-8.546826,241
ST-ST1-5,Casa Ivar,42.87951,-8.54326,262
W-F1,San Cristobal,42.63325,-7.84209,634
W-F1-1,Espacio Vilaseco,42.63371,-7.84291,641
W-F2,Ferreiros,42.64699,-7.85831,698
W-F3,Argozón,42.66107,-7.87282,719
W-W10,Quereño,42.41862,-6.83092,374
W-W10-1,Fountain,42.41953,-6.83313,383
W-W10-2,Rest Area and Lookout,42.41414,-6.83544,414
W-W10-3,Rest Area and Lookout,42.41118,-6.84264,380
W-W11,Pumares,42.405422,-6.86067,365
W-W12,Sobradelo,42.41587,-6.9106,360
W-W12-1,A Ponte Nova,42.41385,-6.91286,341
W-W13,Entoma,42.4218,-6.93738,351
W-W13-1,Ponte de Éntoma,42.4221,-6.93578,353
W-W14,O Barco de Valdeorras,42.41505,-6.9843,322
W-W15,A Proba,42.41838,-7.01175,325
W-W15-1,Rest Area and Fountain,42.4183,-7.01332,324
W-W16,Vilamartín de Valdeorras,42.40984,-7.06114,305
W-W16-1,Rest Area and Fountain,42.41042,-7.05993,304
W-W17,A Rúa de Valdeorras,42.3974,-7.11597,320
W-W17-1,No Services until Quiroga,42.39588,-7.11828,323
W-W18,Albaredos,42.39674,-7.17599,473
W-W18-1,Pilgrim Support Point,42.39675,-7.17608,473
W-W19,Montefurado,42.39473,-7.19768,291
W-W19-1,Túnel Romano de Montefurado,42.39187,-7.20658,282
W-W2,Toral de Merayo,42.52439,-6.6351,497
W-W2-1,Caleyón de Merayo,42.52884,-6.62965,535
W-W2-2,Medieval Bridge,42.52499,-6.63452,496
W-W20,Hermidón,42.39731,-7.2071,399
W-W21,Bendilló,42.43732,-7.20792,446
W-W22,Soldón,42.44467,-7.22302,272
W-W23,Novais,42.4556,-7.24298,315
W-W23-1,Castelo dos Novais,42.46013,-7.24789,293
W-W24,Caspedro,42.4665,-7.25364,308
W-W25,Quiroga,42.47491,-7.26838,268
W-W25-1,Tourist Office of Quiroga,42.47626,-7.27396,274
W-W25-2,Ethnographical Museum,42.47626,-7.27396,274
W-W26,San Clodio,42.46625,-7.28714,243
W-W27,Espandariz,42.471395,-7.29725,249
W-W28,Nocedo,42.47015,-7.30926,263
W-W29,Carballo de Lor,42.50124,-7.33556,466
W-W29-1,Waterfall,42.4968,-7.318,557
W-W29-2,Fountain,42.50278,-7.33482,475
W-W3,Villalibre de la Jurisdicción,42.51848,-6.65825,486
W-W30,Barxa de Lor,42.51322,-7.34335,346
W-W30-1,Ponde do Barxa,42.51049,-7.342,300
W-W31,Castroncelos,42.54289,-7.3782,504
W-W31-1,Rest Stop and Fountain,42.54309,-7.37842,507
W-W32,Pobra de Brollón,42.5567,-7.39328,385
W-W33,Cerexia,42.55231,-7.4222,359
W-W34,Monforte de Lemos,42.52248,-7.51604,292
W-W34-1,Monteforte Tourist Office,42.52241,-7.51358,297
W-W34-2,Convento das Clarisas de Monforte,42.52325,-7.51609,293
W-W34-3,Ponte Vella,42.52296,-7.51481,292
W-W34-4,Colexio Nosa Señora de Antigua,42.51854,-7.51704,290
W-W34-5,Medieval Walls,42.5225,-7.51208,317
W-W34-6,Porta da Alcazaba,42.52357,-7.51213,325
W-W34-7,Porta nova,42.5236,-7.50884,324
W-W34-8,Castello de Monforte,42.52415,-7.51108,341
W-W34-9,Officina Peregrino,42.523,-7.51405,295
W-W35,A Corga,42.5287,-7.55759,298
W-W36,Regueiro,42.53952,-7.59007,336
W-W37,Castrotañe,42.54054,-7.61799,440
W-W38,Piñeiro,42.54329,-7.62203,492
W-W38-1,Fonte e Área Descanso de Piñeiro,42.54377,-7.62221,493
W-W39,Fión,42.56351,-7.66544,597
W-W39-1,Mirador Cabo do Mundo II,42.56533,-7.67054,553
W-W4,Priaranza del Bierzo,42.51087,-6.6719,487
W-W4-1,Templario Tallado en Arbol,42.50469,-6.6753,555
W-W40,Cerdeiro,42.5824,-7.68621,615
W-W41,Vendanova,42.58332,-7.69377,611
W-W42,Diomondi,42.59378,-7.71267,496
W-W43,Belesar,42.59141,-7.72436,221
W-W43-1,Fonte,42.59135,-7.72365,237
W-W44,Ermida,42.59431,-7.73022,343
W-W44-1,Mill and Stone Pasal,42.59329,-7.73322,374
W-W45,Os Queixeiros,42.59494,-7.73594,431
W-W46,Rubias,42.598,-7.74065,525
W-W47,Líncora,42.59822,-7.74228,533
W-W48,Asma,42.60215,-7.76263,490
W-W49,Chantada,42.60997,-7.77141,490
W-W49-1,Tourist Office of Chantada,42.60798,-7.76995,484
W-W49-2,Petó das Animas,42.61615,-7.77897,548
W-W5,Santalla del Bierzo,42.50444,-6.68748,544
W-W5-1,Mirador Santalla del Bierzo,42.5071,-6.68685,509
W-W50,Centulle,42.61765,-7.78131,562
W-W50-1,Fountain,42.6174,-7.78079,558
W-W51,Vilaseco,42.62463,-7.83172,657
W-W52,Penasillás,42.62546,-7.84994,691
W-W52-1,Fountain,42.62585,-7.85005,691
W-W52-2,Alternative Route to Monte Faro,42.62561,-7.85073,694
W-W52-3,No Food until Río,42.62552,-7.84986,691
W-W53,Monte Faro,42.62678,-7.89537,1110
W-W53-1,Memorial to Uxío Novoneyra,42.62787,-7.87671,927
W-W53-2,Costa da Virxe do Faro,42.62615,-7.89401,1132
W-W53-3,Ermida do Faro,42.62501,-7.89263,1155
W-W53-4,Fonte dos Meniños,42.64763,-7.88908,995
W-W54,Monte Cabeza,42.66773,-7.88953,874
W-W54-1,Mámoas,42.67177,-7.89151,874
W-W55,Vilanova,42.67238,-7.90519,762
W-W55-1,Fountain,42.67236,-7.90468,768
W-W56,Río,42.65814,-7.93182,720
W-W57,Rodeiro,42.64939,-7.94795,635
W-W58,Penerbosa,42.66231,-7.98104,610
W-W58-1,Bridge over River Arnego,42.65732,-7.9818,591
W-W59,Penela,42.67253,-7.99116,596
W-W59-1,Mausoleum of the Gained Waters,42.67152,-7.99224,600
W-W6,Villavieja,42.48384,-6.68306,789
W-W6-1,Castillo de Cornatel,42.48888,-6.69338,721
W-W60,Eirexe,42.68491,-7.99318,581
W-W60-1,Rest Place and Vending Machine,42.68497,-7.99336,581
W-W61,Ponte Pedroso,42.68608,-8.0086,553
W-W62,Lalín,42.66178,-8.11297,542
W-W62-1,Lalín Tourist Office,42.65663,-8.11325,566
W-W62-2,Monument to Joaquín Loriga,42.66219,-8.11291,540
W-W62-3,Km 0,42.66146,-8.11219,546
W-W62-4,Museo Municipal "Ramón María Aller",42.66136,-8.11343,540
W-W62-5,Water Mills,42.66211,-8.11867,515
W-W63,Espiño,42.6694,-8.13876,502
W-W64,Bergazos (A Laxe),42.67622,-8.16341,470
W-W64-1,Merging of the Camino Invierno and the Vía de la Plata,42.67533,-8.16306,472
W-W65,Prado,42.68315,-8.18398,447
W-W66,Taboada,42.6808,-8.21062,374
W-W66-1,Ponte Taboada,42.67959,-8.20991,363
W-W66-2,Roman Road,42.67979,-8.21021,364
W-W66-3,Fountain,42.68543,-8.21729,436
W-W66-4,Church of Santiago,42.68695,-8.21794,443
W-W67,Transfontao,42.68723,-8.23414,466
W-W68,Silleda,42.69745,-8.24705,489
W-W68-1,Tourist Office of Silleda,42.69978,-8.24666,491
W-W68-2,Fountain,42.70136,-8.258,446
W-W69,Foxo de Deza,42.70124,-8.25699,451
W-W69-1,Ethnographical House,42.70121,-8.25684,451
W-W7,Borrenes,42.49148,-6.72628,557
W-W70,Bandeira,42.72897,-8.30268,352
W-W71,Dornelas,42.75577,-8.33814,289
W-W71-1,Fountain,42.75668,-8.33868,288
W-W72,O Seixo,42.77343,-8.38463,262
W-W73,Aldea de O Castro,42.779,-8.38669,223
W-W73-1,A Fonde dos Carballiños,42.77757,-8.38638,240
W-W74,Ponte Ulla,42.7778,-8.40374,69
W-W74-1,Oficina de Turismo,42.77865,-8.4026,65
W-W75,Outeiro (Vedra),42.79087,-8.43217,282
W-W76,Rubial,42.81025,-8.46458,245
W-W77,Deseiro (Sergude),42.81934,-8.48068,195
W-W78,Susana,42.82692,-8.48883,214
W-W78-1,Rest Area,42.82912,-8.49106,199
W-W79,Aldrei,42.83586,-8.50478,214
W-W8,Las Médulas,42.45788,-6.76801,736
W-W8-1,Centro de Recepción de Visitantes de Las Médulas,42.45659,-6.76755,740
W-W8-2,Aula arqueolologica,42.46085,-6.7681,737
W-W8-3,Las Médulas,42.45991,-6.76006,806
W-W80,Piñeiro,42.848327,-8.52298,147
W-W81,Angrois,42.85977,-8.52889,229
W-W81-1,Fountain,42.85909,-8.52847,226
W-W9,Puente de Domingo Florez,42.41105,-6.81871,382
